CountryName	CountryCode	RegionName	RegionCode	Jurisdiction	Date	C1_School closing	C1_Flag	C2_Workplace closing	C2_Flag	C3_Cancel public events	C3_Flag	C4_Restrictions on gatherings	C4_Flag	C5_Close public transport	C5_Flag	C6_Stay at home requirements	C6_Flag	C7_Restrictions on internal movement	C7_Flag	C8_International travel controls	E1_Income support	E1_Flag	E2_Debt/contract relief	E3_Fiscal measures	E4_International support	H1_Public information campaigns	H1_Flag	H2_Testing policy	H3_Contact tracing	H4_Emergency investment in healthcare	H5_Investment in vaccines	H6_Facial Coverings	H6_Flag	M1_Wildcard	ConfirmedCases	ConfirmedDeaths	StringencyIndex	StringencyIndexForDisplay	StringencyLegacyIndex	StringencyLegacyIndexForDisplay	GovernmentResponseIndex	GovernmentResponseIndexForDisplay	ContainmentHealthIndex	ContainmentHealthIndexForDisplay	EconomicSupportIndex	EconomicSupportIndexForDisplay	Datum	id_time	time_cat
Germany	DEU			NAT_TOTAL	20200102	0.0		0.0		0.0		0.0		0.0		0.0		0.0		0.0	0.0		0.0	0.0	0.0	0.0		0.0	0.0	0.0	0.0	0.0			0.0	0.0	0.0	0.0	0.0	0.0	0.0	0.0	0.0	0.0	0.0	0.0	2020-01-02	0	1: Bis Februar
Germany	DEU			NAT_TOTAL	20200103	0.0		0.0		0.0		0.0		0.0		0.0		0.0		0.0	0.0		0.0	0.0	0.0	0.0		0.0	0.0	0.0	0.0	0.0			0.0	0.0	0.0	0.0	0.0	0.0	0.0	0.0	0.0	0.0	0.0	0.0	2020-01-03	1	1: Bis Februar
Germany	DEU			NAT_TOTAL	20200104	0.0		0.0		0.0		0.0		0.0		0.0		0.0		0.0	0.0		0.0	0.0	0.0	0.0		0.0	0.0	0.0	0.0	0.0			0.0	0.0	0.0	0.0	0.0	0.0	0.0	0.0	0.0	0.0	0.0	0.0	2020-01-04	2	1: Bis Februar
Germany	DEU			NAT_TOTAL	20200105	0.0		0.0		0.0		0.0		0.0		0.0		0.0		0.0	0.0		0.0	0.0	0.0	0.0		0.0	0.0	0.0	0.0	0.0			0.0	0.0	0.0	0.0	0.0	0.0	0.0	0.0	0.0	0.0	0.0	0.0	2020-01-05	3	1: Bis Februar
Germany	DEU			NAT_TOTAL	20200106	0.0		0.0		0.0		0.0		0.0		0.0		0.0		0.0	0.0		0.0	0.0	0.0	0.0		0.0	0.0	0.0	0.0	0.0			0.0	0.0	0.0	0.0	0.0	0.0	0.0	0.0	0.0	0.0	0.0	0.0	2020-01-06	4	1: Bis Februar
Germany	DEU			NAT_TOTAL	20200107	0.0		0.0		0.0		0.0		0.0		0.0		0.0		0.0	0.0		0.0	0.0	0.0	0.0		0.0	0.0	0.0	0.0	0.0			0.0	0.0	0.0	0.0	0.0	0.0	0.0	0.0	0.0	0.0	0.0	0.0	2020-01-07	5	1: Bis Februar
Germany	DEU			NAT_TOTAL	20200108	0.0		0.0		0.0		0.0		0.0		0.0		0.0		0.0	0.0		0.0	0.0	0.0	0.0		0.0	0.0	0.0	0.0	0.0			0.0	0.0	0.0	0.0	0.0	0.0	0.0	0.0	0.0	0.0	0.0	0.0	2020-01-08	6	1: Bis Februar
Germany	DEU			NAT_TOTAL	20200109	0.0		0.0		0.0		0.0		0.0		0.0		0.0		0.0	0.0		0.0	0.0	0.0	0.0		0.0	0.0	0.0	0.0	0.0			0.0	0.0	0.0	0.0	0.0	0.0	0.0	0.0	0.0	0.0	0.0	0.0	2020-01-09	7	1: Bis Februar
Germany	DEU			NAT_TOTAL	20200110	0.0		0.0		0.0		0.0		0.0		0.0		0.0		0.0	0.0		0.0	0.0	0.0	0.0		0.0	0.0	0.0	0.0	0.0			0.0	0.0	0.0	0.0	0.0	0.0	0.0	0.0	0.0	0.0	0.0	0.0	2020-01-10	8	1: Bis Februar
Germany	DEU			NAT_TOTAL	20200111	0.0		0.0		0.0		0.0		0.0		0.0		0.0		0.0	0.0		0.0	0.0	0.0	0.0		0.0	0.0	0.0	0.0	0.0			0.0	0.0	0.0	0.0	0.0	0.0	0.0	0.0	0.0	0.0	0.0	0.0	2020-01-11	9	1: Bis Februar
Germany	DEU			NAT_TOTAL	20200112	0.0		0.0		0.0		0.0		0.0		0.0		0.0		0.0	0.0		0.0	0.0	0.0	0.0		0.0	0.0	0.0	0.0	0.0			0.0	0.0	0.0	0.0	0.0	0.0	0.0	0.0	0.0	0.0	0.0	0.0	2020-01-12	10	1: Bis Februar
Germany	DEU			NAT_TOTAL	20200113	0.0		0.0		0.0		0.0		0.0		0.0		0.0		0.0	0.0		0.0	0.0	0.0	0.0		0.0	0.0	0.0	0.0	0.0			0.0	0.0	0.0	0.0	0.0	0.0	0.0	0.0	0.0	0.0	0.0	0.0	2020-01-13	11	1: Bis Februar
Germany	DEU			NAT_TOTAL	20200114	0.0		0.0		0.0		0.0		0.0		0.0		0.0		0.0	0.0		0.0	0.0	0.0	0.0		0.0	0.0	0.0	0.0	0.0			0.0	0.0	0.0	0.0	0.0	0.0	0.0	0.0	0.0	0.0	0.0	0.0	2020-01-14	12	1: Bis Februar
Germany	DEU			NAT_TOTAL	20200115	0.0		0.0		0.0		0.0		0.0		0.0		0.0		0.0	0.0		0.0	0.0	0.0	0.0		0.0	0.0	0.0	0.0	0.0			0.0	0.0	0.0	0.0	0.0	0.0	0.0	0.0	0.0	0.0	0.0	0.0	2020-01-15	13	1: Bis Februar
Germany	DEU			NAT_TOTAL	20200116	0.0		0.0		0.0		0.0		0.0		0.0		0.0		0.0	0.0		0.0	0.0	0.0	0.0		0.0	0.0	0.0	0.0	0.0			0.0	0.0	0.0	0.0	0.0	0.0	0.0	0.0	0.0	0.0	0.0	0.0	2020-01-16	14	1: Bis Februar
Germany	DEU			NAT_TOTAL	20200117	0.0		0.0		0.0		0.0		0.0		0.0		0.0		0.0	0.0		0.0	0.0	0.0	0.0		0.0	0.0	0.0	0.0	0.0			0.0	0.0	0.0	0.0	0.0	0.0	0.0	0.0	0.0	0.0	0.0	0.0	2020-01-17	15	1: Bis Februar
Germany	DEU			NAT_TOTAL	20200118	0.0		0.0		0.0		0.0		0.0		0.0		0.0		0.0	0.0		0.0	0.0	0.0	0.0		0.0	0.0	0.0	0.0	0.0			0.0	0.0	0.0	0.0	0.0	0.0	0.0	0.0	0.0	0.0	0.0	0.0	2020-01-18	16	1: Bis Februar
Germany	DEU			NAT_TOTAL	20200119	0.0		0.0		0.0		0.0		0.0		0.0		0.0		0.0	0.0		0.0	0.0	0.0	0.0		0.0	0.0	0.0	0.0	0.0			0.0	0.0	0.0	0.0	0.0	0.0	0.0	0.0	0.0	0.0	0.0	0.0	2020-01-19	17	1: Bis Februar
Germany	DEU			NAT_TOTAL	20200120	0.0		0.0		0.0		0.0		0.0		0.0		0.0		0.0	0.0		0.0	0.0	0.0	0.0		0.0	0.0	0.0	0.0	0.0			0.0	0.0	0.0	0.0	0.0	0.0	0.0	0.0	0.0	0.0	0.0	0.0	2020-01-20	18	1: Bis Februar
Germany	DEU			NAT_TOTAL	20200121	0.0		0.0		0.0		0.0		0.0		0.0		0.0		0.0	0.0		0.0	0.0	0.0	0.0		0.0	0.0	0.0	0.0	0.0			0.0	0.0	0.0	0.0	0.0	0.0	0.0	0.0	0.0	0.0	0.0	0.0	2020-01-21	19	1: Bis Februar
Germany	DEU			NAT_TOTAL	20200122	0.0		0.0		0.0		0.0		0.0		0.0		0.0		0.0	0.0		0.0	0.0	0.0	0.0		0.0	2.0	0.0	0.0	0.0			0.0	0.0	0.0	0.0	0.0	0.0	7.14	7.14	8.33	8.33	0.0	0.0	2020-01-22	20	1: Bis Februar
Germany	DEU			NAT_TOTAL	20200123	0.0		0.0		0.0		0.0		0.0		0.0		0.0		0.0	0.0		0.0	0.0	0.0	0.0		0.0	2.0	0.0	0.0	0.0			0.0	0.0	0.0	0.0	0.0	0.0	7.14	7.14	8.33	8.33	0.0	0.0	2020-01-23	21	1: Bis Februar
Germany	DEU			NAT_TOTAL	20200124	0.0		0.0		0.0		0.0		0.0		0.0		0.0		0.0	0.0		0.0	0.0	0.0	1.0	1.0	0.0	2.0	0.0	0.0	0.0			0.0	0.0	5.56	5.56	9.52	9.52	10.71	10.71	12.5	12.5	0.0	0.0	2020-01-24	22	1: Bis Februar
Germany	DEU			NAT_TOTAL	20200125	0.0		0.0		0.0		0.0		0.0		0.0		0.0		0.0	0.0		0.0	0.0	0.0	1.0	1.0	0.0	2.0	0.0	0.0	0.0			0.0	0.0	5.56	5.56	9.52	9.52	10.71	10.71	12.5	12.5	0.0	0.0	2020-01-25	23	1: Bis Februar
Germany	DEU			NAT_TOTAL	20200126	0.0		0.0		0.0		0.0		0.0		0.0		0.0		0.0	0.0		0.0	0.0	0.0	1.0	1.0	0.0	2.0	0.0	0.0	0.0			0.0	0.0	5.56	5.56	9.52	9.52	10.71	10.71	12.5	12.5	0.0	0.0	2020-01-26	24	1: Bis Februar
Germany	DEU			NAT_TOTAL	20200127	0.0		0.0		0.0		0.0		0.0		0.0		0.0		0.0	0.0		0.0	0.0	0.0	1.0	1.0	1.0	2.0	0.0	0.0	0.0			0.0	0.0	5.56	5.56	9.52	9.52	13.1	13.1	15.28	15.28	0.0	0.0	2020-01-27	25	1: Bis Februar
Germany	DEU			NAT_TOTAL	20200128	0.0		0.0		0.0		0.0		0.0		0.0		0.0		0.0	0.0		0.0	0.0	0.0	1.0	1.0	1.0	2.0	0.0	0.0	0.0			1.0	0.0	5.56	5.56	9.52	9.52	13.1	13.1	15.28	15.28	0.0	0.0	2020-01-28	26	1: Bis Februar
Germany	DEU			NAT_TOTAL	20200129	0.0		0.0		0.0		0.0		0.0		0.0		0.0		0.0	0.0		0.0	0.0	0.0	1.0	1.0	1.0	2.0	0.0	0.0	0.0			4.0	0.0	5.56	5.56	9.52	9.52	13.1	13.1	15.28	15.28	0.0	0.0	2020-01-29	27	1: Bis Februar
Germany	DEU			NAT_TOTAL	20200130	0.0		0.0		0.0		0.0		0.0		0.0		0.0		0.0	0.0		0.0	0.0	0.0	1.0	1.0	1.0	2.0	0.0	0.0	0.0			4.0	0.0	5.56	5.56	9.52	9.52	13.1	13.1	15.28	15.28	0.0	0.0	2020-01-30	28	1: Bis Februar
Germany	DEU			NAT_TOTAL	20200131	0.0		0.0		0.0		0.0		0.0		0.0		0.0		0.0	0.0		0.0	0.0	0.0	1.0	1.0	1.0	2.0	0.0	0.0	0.0			5.0	0.0	5.56	5.56	9.52	9.52	13.1	13.1	15.28	15.28	0.0	0.0	2020-01-31	29	1: Bis Februar
Germany	DEU			NAT_TOTAL	20200201	0.0		0.0		0.0		0.0		0.0		0.0		0.0		0.0	0.0		0.0	0.0	0.0	1.0	1.0	1.0	2.0	0.0	0.0	0.0			7.0	0.0	5.56	5.56	9.52	9.52	13.1	13.1	15.28	15.28	0.0	0.0	2020-02-01	30	1: Bis Februar
Germany	DEU			NAT_TOTAL	20200202	0.0		0.0		0.0		0.0		0.0		0.0		0.0		0.0	0.0		0.0	0.0	0.0	1.0	1.0	1.0	2.0	0.0	0.0	0.0			8.0	0.0	5.56	5.56	9.52	9.52	13.1	13.1	15.28	15.28	0.0	0.0	2020-02-02	31	1: Bis Februar
Germany	DEU			NAT_TOTAL	20200203	0.0		0.0		0.0		0.0		0.0		0.0		0.0		0.0	0.0		0.0	0.0	0.0	1.0	1.0	1.0	2.0	0.0	0.0	0.0			9.0	0.0	5.56	5.56	9.52	9.52	13.1	13.1	15.28	15.28	0.0	0.0	2020-02-03	32	1: Bis Februar
Germany	DEU			NAT_TOTAL	20200204	0.0		0.0		0.0		0.0		0.0		0.0		0.0		0.0	0.0		0.0	0.0	0.0	1.0	1.0	1.0	2.0	0.0	0.0	0.0			11.0	0.0	5.56	5.56	9.52	9.52	13.1	13.1	15.28	15.28	0.0	0.0	2020-02-04	33	1: Bis Februar
Germany	DEU			NAT_TOTAL	20200205	0.0		0.0		0.0		0.0		0.0		0.0		0.0		0.0	0.0		0.0	0.0	0.0	1.0	1.0	1.0	2.0	0.0	0.0	0.0			11.0	0.0	5.56	5.56	9.52	9.52	13.1	13.1	15.28	15.28	0.0	0.0	2020-02-05	34	1: Bis Februar
Germany	DEU			NAT_TOTAL	20200206	0.0		0.0		0.0		0.0		0.0		0.0		0.0		0.0	0.0		0.0	0.0	0.0	1.0	1.0	1.0	2.0	0.0	8010337.0	0.0			11.0	0.0	5.56	5.56	9.52	9.52	13.1	13.1	15.28	15.28	0.0	0.0	2020-02-06	35	1: Bis Februar
Germany	DEU			NAT_TOTAL	20200207	0.0		0.0		0.0		0.0		0.0		0.0		0.0		0.0	0.0		0.0	0.0	0.0	1.0	1.0	1.0	2.0	0.0	0.0	0.0			12.0	0.0	5.56	5.56	9.52	9.52	13.1	13.1	15.28	15.28	0.0	0.0	2020-02-07	36	1: Bis Februar
Germany	DEU			NAT_TOTAL	20200208	0.0		0.0		0.0		0.0		0.0		0.0		0.0		0.0	0.0		0.0	0.0	0.0	1.0	1.0	1.0	2.0	0.0	0.0	0.0			13.0	0.0	5.56	5.56	9.52	9.52	13.1	13.1	15.28	15.28	0.0	0.0	2020-02-08	37	1: Bis Februar
Germany	DEU			NAT_TOTAL	20200209	0.0		0.0		0.0		0.0		0.0		0.0		0.0		0.0	0.0		0.0	0.0	0.0	1.0	1.0	1.0	2.0	0.0	0.0	0.0			13.0	0.0	5.56	5.56	9.52	9.52	13.1	13.1	15.28	15.28	0.0	0.0	2020-02-09	38	1: Bis Februar
Germany	DEU			NAT_TOTAL	20200210	0.0		0.0		0.0		0.0		0.0		0.0		0.0		0.0	0.0		0.0	0.0	0.0	1.0	1.0	1.0	2.0	0.0	0.0	0.0			13.0	0.0	5.56	5.56	9.52	9.52	13.1	13.1	15.28	15.28	0.0	0.0	2020-02-10	39	1: Bis Februar
Germany	DEU			NAT_TOTAL	20200211	0.0		0.0		0.0		0.0		0.0		0.0		0.0		0.0	0.0		0.0	0.0	0.0	1.0	1.0	1.0	2.0	0.0	0.0	0.0			13.0	0.0	5.56	5.56	9.52	9.52	13.1	13.1	15.28	15.28	0.0	0.0	2020-02-11	40	1: Bis Februar
Germany	DEU			NAT_TOTAL	20200212	0.0		0.0		0.0		0.0		0.0		0.0		0.0		0.0	0.0		0.0	0.0	0.0	2.0	1.0	1.0	2.0	0.0	0.0	0.0			15.0	0.0	11.11	11.11	14.29	14.29	16.67	16.67	19.44	19.44	0.0	0.0	2020-02-12	41	1: Bis Februar
Germany	DEU			NAT_TOTAL	20200213	0.0		0.0		0.0		0.0		0.0		0.0		0.0		0.0	0.0		0.0	0.0	0.0	2.0	1.0	1.0	2.0	0.0	0.0	0.0			15.0	0.0	11.11	11.11	14.29	14.29	16.67	16.67	19.44	19.44	0.0	0.0	2020-02-13	42	1: Bis Februar
Germany	DEU			NAT_TOTAL	20200214	0.0		0.0		0.0		0.0		0.0		0.0		0.0		0.0	0.0		0.0	0.0	0.0	2.0	1.0	1.0	2.0	0.0	0.0	0.0			15.0	0.0	11.11	11.11	14.29	14.29	16.67	16.67	19.44	19.44	0.0	0.0	2020-02-14	43	1: Bis Februar
Germany	DEU			NAT_TOTAL	20200215	0.0		0.0		0.0		0.0		0.0		0.0		0.0		0.0	0.0		0.0	0.0	0.0	2.0	1.0	1.0	2.0	0.0	0.0	0.0			15.0	0.0	11.11	11.11	14.29	14.29	16.67	16.67	19.44	19.44	0.0	0.0	2020-02-15	44	1: Bis Februar
Germany	DEU			NAT_TOTAL	20200216	0.0		0.0		0.0		0.0		0.0		0.0		0.0		0.0	0.0		0.0	0.0	0.0	2.0	1.0	1.0	2.0	0.0	0.0	0.0			15.0	0.0	11.11	11.11	14.29	14.29	16.67	16.67	19.44	19.44	0.0	0.0	2020-02-16	45	1: Bis Februar
Germany	DEU			NAT_TOTAL	20200217	0.0		0.0		0.0		0.0		0.0		0.0		0.0		0.0	0.0		0.0	0.0	0.0	2.0	1.0	1.0	2.0	0.0	0.0	0.0			15.0	0.0	11.11	11.11	14.29	14.29	16.67	16.67	19.44	19.44	0.0	0.0	2020-02-17	46	1: Bis Februar
Germany	DEU			NAT_TOTAL	20200218	0.0		0.0		0.0		0.0		0.0		0.0		0.0		0.0	0.0		0.0	0.0	0.0	2.0	1.0	1.0	2.0	0.0	0.0	0.0			15.0	0.0	11.11	11.11	14.29	14.29	16.67	16.67	19.44	19.44	0.0	0.0	2020-02-18	47	1: Bis Februar
Germany	DEU			NAT_TOTAL	20200219	0.0		0.0		0.0		0.0		0.0		0.0		0.0		0.0	0.0		0.0	0.0	0.0	2.0	1.0	1.0	2.0	0.0	0.0	0.0			15.0	0.0	11.11	11.11	14.29	14.29	16.67	16.67	19.44	19.44	0.0	0.0	2020-02-19	48	1: Bis Februar
Germany	DEU			NAT_TOTAL	20200220	0.0		0.0		0.0		0.0		0.0		0.0		0.0		0.0	0.0		0.0	0.0	0.0	2.0	1.0	1.0	2.0	0.0	0.0	0.0			15.0	0.0	11.11	11.11	14.29	14.29	16.67	16.67	19.44	19.44	0.0	0.0	2020-02-20	49	1: Bis Februar
Germany	DEU			NAT_TOTAL	20200221	0.0		0.0		0.0		0.0		0.0		0.0		0.0		0.0	0.0		0.0	0.0	0.0	2.0	1.0	1.0	2.0	0.0	0.0	0.0			15.0	0.0	11.11	11.11	14.29	14.29	16.67	16.67	19.44	19.44	0.0	0.0	2020-02-21	50	1: Bis Februar
Germany	DEU			NAT_TOTAL	20200222	0.0		0.0		0.0		0.0		0.0		0.0		0.0		0.0	0.0		0.0	0.0	0.0	2.0	1.0	1.0	2.0	0.0	0.0	0.0			15.0	0.0	11.11	11.11	14.29	14.29	16.67	16.67	19.44	19.44	0.0	0.0	2020-02-22	51	1: Bis Februar
Germany	DEU			NAT_TOTAL	20200223	0.0		0.0		0.0		0.0		0.0		0.0		0.0		0.0	0.0		0.0	0.0	0.0	2.0	1.0	1.0	2.0	0.0	0.0	0.0			15.0	0.0	11.11	11.11	14.29	14.29	16.67	16.67	19.44	19.44	0.0	0.0	2020-02-23	52	1: Bis Februar
Germany	DEU			NAT_TOTAL	20200224	0.0		0.0		0.0		0.0		0.0		0.0		0.0		0.0	0.0		0.0	0.0	0.0	2.0	1.0	1.0	2.0	0.0	0.0	0.0			15.0	0.0	11.11	11.11	14.29	14.29	16.67	16.67	19.44	19.44	0.0	0.0	2020-02-24	53	1: Bis Februar
Germany	DEU			NAT_TOTAL	20200225	0.0		0.0		0.0		0.0		0.0		0.0		0.0		0.0	0.0		0.0	0.0	0.0	2.0	1.0	1.0	2.0	0.0	0.0	0.0			15.0	0.0	11.11	11.11	14.29	14.29	16.67	16.67	19.44	19.44	0.0	0.0	2020-02-25	54	1: Bis Februar
Germany	DEU			NAT_TOTAL	20200226	2.0	0.0	0.0		0.0		0.0		0.0		0.0		0.0		0.0	0.0		0.0	0.0	0.0	2.0	1.0	1.0	2.0	0.0	0.0	0.0			17.0	0.0	16.67	16.67	21.43	21.43	20.24	20.24	23.61	23.61	0.0	0.0	2020-02-26	55	1: Bis Februar
Germany	DEU			NAT_TOTAL	20200227	2.0	0.0	0.0		0.0		0.0		0.0		0.0		0.0		0.0	0.0		0.0	0.0	0.0	2.0	1.0	1.0	2.0	0.0	0.0	0.0			21.0	0.0	16.67	16.67	21.43	21.43	20.24	20.24	23.61	23.61	0.0	0.0	2020-02-27	56	1: Bis Februar
Germany	DEU			NAT_TOTAL	20200228	2.0	0.0	0.0		0.0		0.0		0.0		0.0		0.0		1.0	0.0		0.0	0.0	0.0	2.0	1.0	1.0	2.0	0.0	0.0	0.0			47.0	0.0	19.44	19.44	25.0	25.0	22.02	22.02	25.69	25.69	0.0	0.0	2020-02-28	57	1: Bis Februar
Germany	DEU			NAT_TOTAL	20200229	2.0	0.0	0.0		1.0	1.0	0.0		0.0		0.0		0.0		1.0	0.0		0.0	0.0	0.0	2.0	1.0	1.0	2.0	0.0	0.0	0.0			57.0	0.0	25.0	25.0	34.52	34.52	25.6	25.6	29.86	29.86	0.0	0.0	2020-02-29	58	1: Bis Februar
Germany	DEU			NAT_TOTAL	20200301	2.0	0.0	0.0		1.0	1.0	0.0		0.0		0.0		0.0		1.0	0.0		0.0	0.0	0.0	2.0	1.0	1.0	2.0	0.0	0.0	0.0			111.0	0.0	25.0	25.0	34.52	34.52	25.6	25.6	29.86	29.86	0.0	0.0	2020-03-01	59	2: März - Mai
Germany	DEU			NAT_TOTAL	20200302	2.0	0.0	0.0		1.0	1.0	0.0		0.0		0.0		0.0		1.0	0.0		0.0	0.0	0.0	2.0	1.0	1.0	2.0	0.0	0.0	0.0			129.0	0.0	25.0	25.0	34.52	34.52	25.6	25.6	29.86	29.86	0.0	0.0	2020-03-02	60	2: März - Mai
Germany	DEU			NAT_TOTAL	20200303	2.0	0.0	0.0		1.0	1.0	0.0		0.0		0.0		0.0		1.0	0.0		0.0	0.0	0.0	2.0	1.0	1.0	2.0	0.0	0.0	0.0			157.0	0.0	25.0	25.0	34.52	34.52	25.6	25.6	29.86	29.86	0.0	0.0	2020-03-03	61	2: März - Mai
Germany	DEU			NAT_TOTAL	20200304	2.0	0.0	0.0		1.0	1.0	0.0		0.0		0.0		0.0		1.0	0.0		0.0	0.0	0.0	2.0	1.0	1.0	2.0	0.0	0.0	0.0			196.0	0.0	25.0	25.0	34.52	34.52	25.6	25.6	29.86	29.86	0.0	0.0	2020-03-04	62	2: März - Mai
Germany	DEU			NAT_TOTAL	20200305	2.0	0.0	0.0		1.0	1.0	0.0		0.0		0.0		0.0		1.0	0.0		0.0	0.0	0.0	2.0	1.0	1.0	2.0	0.0	0.0	0.0			262.0	0.0	25.0	25.0	34.52	34.52	25.6	25.6	29.86	29.86	0.0	0.0	2020-03-05	63	2: März - Mai
Germany	DEU			NAT_TOTAL	20200306	2.0	0.0	0.0		1.0	1.0	0.0		0.0		0.0		0.0		1.0	0.0		0.0	0.0	0.0	2.0	1.0	1.0	2.0	0.0	0.0	0.0			400.0	0.0	25.0	25.0	34.52	34.52	25.6	25.6	29.86	29.86	0.0	0.0	2020-03-06	64	2: März - Mai
Germany	DEU			NAT_TOTAL	20200307	2.0	0.0	0.0		1.0	1.0	0.0		0.0		0.0		0.0		1.0	0.0		0.0	0.0	0.0	2.0	1.0	1.0	2.0	0.0	0.0	0.0			684.0	0.0	25.0	25.0	34.52	34.52	25.6	25.6	29.86	29.86	0.0	0.0	2020-03-07	65	2: März - Mai
Germany	DEU			NAT_TOTAL	20200308	2.0	0.0	0.0		1.0	1.0	0.0		0.0		0.0		0.0		1.0	0.0		0.0	0.0	0.0	2.0	1.0	1.0	2.0	0.0	0.0	0.0			847.0	0.0	25.0	25.0	34.52	34.52	25.6	25.6	29.86	29.86	0.0	0.0	2020-03-08	66	2: März - Mai
Germany	DEU			NAT_TOTAL	20200309	2.0	0.0	0.0		1.0	1.0	0.0		0.0		1.0	1.0	0.0		1.0	0.0		0.0	0.0	0.0	2.0	1.0	1.0	2.0	0.0	0.0	0.0			902.0	0.0	28.7	28.7	41.67	41.67	27.98	27.98	32.64	32.64	0.0	0.0	2020-03-09	67	2: März - Mai
Germany	DEU			NAT_TOTAL	20200310	2.0	0.0	0.0		2.0	0.0	1.0	0.0	0.0		1.0	1.0	0.0		1.0	0.0		0.0	0.0	0.0	2.0	1.0	1.0	2.0	0.0	0.0	0.0			1139.0	2.0	32.87	32.87	41.67	41.67	30.65	30.65	35.76	35.76	0.0	0.0	2020-03-10	68	2: März - Mai
Germany	DEU			NAT_TOTAL	20200311	2.0	0.0	0.0		2.0	0.0	1.0	0.0	0.0		1.0	1.0	0.0		1.0	0.0		0.0	0.0	0.0	2.0	1.0	1.0	2.0	0.0	0.0	0.0			1296.0	2.0	32.87	32.87	41.67	41.67	30.65	30.65	35.76	35.76	0.0	0.0	2020-03-11	69	2: März - Mai
Germany	DEU			NAT_TOTAL	20200312	2.0	0.0	0.0		2.0	0.0	1.0	0.0	0.0		1.0	1.0	0.0		1.0	0.0		0.0	0.0	0.0	2.0	1.0	1.0	2.0	0.0	0.0	0.0			1567.0	3.0	32.87	32.87	41.67	41.67	30.65	30.65	35.76	35.76	0.0	0.0	2020-03-12	70	2: März - Mai
Germany	DEU			NAT_TOTAL	20200313	2.0	0.0	0.0		2.0	0.0	1.0	0.0	0.0		1.0	1.0	0.0		1.0	0.0		0.0	0.0	0.0	2.0	1.0	1.0	2.0	0.0	0.0	0.0			2369.0	5.0	32.87	32.87	41.67	41.67	30.65	30.65	35.76	35.76	0.0	0.0	2020-03-13	71	2: März - Mai
Germany	DEU			NAT_TOTAL	20200314	2.0	0.0	0.0		2.0	0.0	1.0	0.0	0.0		1.0	1.0	0.0		1.0	0.0		0.0	0.0	0.0	2.0	1.0	1.0	2.0	0.0	0.0	0.0			3062.0	5.0	32.87	32.87	41.67	41.67	30.65	30.65	35.76	35.76	0.0	0.0	2020-03-14	72	2: März - Mai
Germany	DEU			NAT_TOTAL	20200315	2.0	0.0	0.0		2.0	0.0	1.0	0.0	0.0		1.0	1.0	0.0		1.0	0.0		0.0	0.0	0.0	2.0	1.0	1.0	2.0	0.0	0.0	0.0			3795.0	8.0	32.87	32.87	41.67	41.67	30.65	30.65	35.76	35.76	0.0	0.0	2020-03-15	73	2: März - Mai
Germany	DEU			NAT_TOTAL	20200316	3.0	0.0	0.0		2.0	0.0	1.0	0.0	0.0		1.0	1.0	0.0		3.0	2.0	0.0	0.0	0.0	0.0	2.0	1.0	1.0	2.0	0.0	0.0	0.0			4838.0	12.0	42.13	42.13	52.38	52.38	41.96	41.96	42.71	42.71	37.5	37.5	2020-03-16	74	2: März - Mai
Germany	DEU			NAT_TOTAL	20200317	3.0	0.0	0.0		2.0	0.0	1.0	0.0	0.0		1.0	1.0	0.0		3.0	2.0	0.0	0.0	0.0	0.0	2.0	1.0	1.0	2.0	0.0	0.0	0.0			6012.0	13.0	42.13	42.13	52.38	52.38	41.96	41.96	42.71	42.71	37.5	37.5	2020-03-17	75	2: März - Mai
Germany	DEU			NAT_TOTAL	20200318	3.0	1.0	0.0		2.0	0.0	1.0	0.0	0.0		1.0	1.0	1.0	1.0	4.0	2.0	0.0	0.0	0.0	0.0	2.0	1.0	1.0	1.0	0.0	0.0	0.0			7156.0	13.0	52.31	52.31	61.9	61.9	44.94	44.94	46.18	46.18	37.5	37.5	2020-03-18	76	2: März - Mai
Germany	DEU			NAT_TOTAL	20200319	3.0	1.0	0.0		2.0	0.0	1.0	0.0	0.0		1.0	1.0	2.0	0.0	4.0	2.0	0.0	0.0	0.0	0.0	2.0	1.0	1.0	1.0	0.0	0.0	0.0			8198.0	13.0	55.09	55.09	61.9	61.9	46.73	46.73	48.26	48.26	37.5	37.5	2020-03-19	77	2: März - Mai
Germany	DEU			NAT_TOTAL	20200320	3.0	1.0	0.0		2.0	1.0	1.0	0.0	0.0		1.0	1.0	2.0	0.0	4.0	2.0	0.0	0.0	0.0	0.0	2.0	1.0	1.0	1.0	0.0	0.0	0.0			14138.0	43.0	57.87	57.87	66.67	66.67	48.51	48.51	50.35	50.35	37.5	37.5	2020-03-20	78	2: März - Mai
Germany	DEU			NAT_TOTAL	20200321	3.0	1.0	0.0		2.0	1.0	4.0	0.0	0.0		2.0	0.0	2.0	0.0	4.0	2.0	0.0	0.0	0.0	0.0	2.0	1.0	1.0	1.0	0.0	0.0	0.0			18187.0	45.0	68.06	68.06	66.67	66.67	55.06	55.06	57.99	57.99	37.5	37.5	2020-03-21	79	2: März - Mai
Germany	DEU			NAT_TOTAL	20200322	3.0	1.0	2.0	1.0	2.0	1.0	4.0	1.0	0.0		2.0	0.0	2.0	0.0	4.0	2.0	0.0	0.0	0.0	0.0	2.0	1.0	1.0	1.0	0.0	0.0	0.0			21463.0	67.0	76.85	76.85	77.38	77.38	60.71	60.71	64.58	64.58	37.5	37.5	2020-03-22	80	2: März - Mai
Germany	DEU			NAT_TOTAL	20200323	3.0	1.0	2.0	1.0	2.0	1.0	4.0	1.0	0.0		2.0	0.0	2.0	0.0	4.0	2.0	0.0	0.0	68442949672.71	0.0	2.0	1.0	1.0	1.0	62997723800.0	156510825.0	0.0			24774.0	94.0	76.85	76.85	77.38	77.38	60.71	60.71	64.58	64.58	37.5	37.5	2020-03-23	81	2: März - Mai
Germany	DEU			NAT_TOTAL	20200324	3.0	1.0	2.0	1.0	2.0	1.0	4.0	1.0	0.0		2.0	0.0	2.0	0.0	4.0	2.0	0.0	0.0	0.0	0.0	2.0	1.0	1.0	1.0	0.0	0.0	0.0			29212.0	126.0	76.85	76.85	77.38	77.38	60.71	60.71	64.58	64.58	37.5	37.5	2020-03-24	82	2: März - Mai
Germany	DEU			NAT_TOTAL	20200325	3.0	1.0	2.0	1.0	2.0	1.0	4.0	1.0	0.0		2.0	0.0	2.0	0.0	4.0	2.0	0.0	0.0	0.0	0.0	2.0	1.0	1.0	1.0	0.0	0.0	0.0			31554.0	149.0	76.85	76.85	77.38	77.38	60.71	60.71	64.58	64.58	37.5	37.5	2020-03-25	83	2: März - Mai
Germany	DEU			NAT_TOTAL	20200326	3.0	1.0	2.0	1.0	2.0	1.0	4.0	1.0	0.0		2.0	0.0	2.0	0.0	4.0	2.0	0.0	0.0	0.0	0.0	2.0	1.0	1.0	1.0	0.0	0.0	0.0			36508.0	198.0	76.85	76.85	77.38	77.38	60.71	60.71	64.58	64.58	37.5	37.5	2020-03-26	84	2: März - Mai
Germany	DEU			NAT_TOTAL	20200327	3.0	1.0	2.0	1.0	2.0	1.0	4.0	1.0	0.0		2.0	0.0	2.0	0.0	4.0	2.0	0.0	0.0	0.0	0.0	2.0	1.0	1.0	1.0	3100000000.0	0.0	0.0			42288.0	253.0	76.85	76.85	77.38	77.38	60.71	60.71	64.58	64.58	37.5	37.5	2020-03-27	85	2: März - Mai
Germany	DEU			NAT_TOTAL	20200328	3.0	1.0	2.0	1.0	2.0	1.0	4.0	1.0	0.0		2.0	0.0	2.0	0.0	4.0	2.0	0.0	0.0	0.0	0.0	2.0	1.0	1.0	1.0	0.0	0.0	0.0			48582.0	325.0	76.85	76.85	77.38	77.38	60.71	60.71	64.58	64.58	37.5	37.5	2020-03-28	86	2: März - Mai
Germany	DEU			NAT_TOTAL	20200329	3.0	1.0	2.0	1.0	2.0	1.0	4.0	1.0	0.0		2.0	0.0	2.0	0.0	4.0	2.0	0.0	0.0	0.0	0.0	2.0	1.0	1.0	1.0	0.0	0.0	0.0			52547.0	389.0	76.85	76.85	77.38	77.38	60.71	60.71	64.58	64.58	37.5	37.5	2020-03-29	87	2: März - Mai
Germany	DEU			NAT_TOTAL	20200330	3.0	1.0	2.0	1.0	2.0	1.0	4.0	1.0	0.0		2.0	0.0	2.0	0.0	4.0	2.0	0.0	0.0	0.0	0.0	2.0	1.0	1.0	1.0	0.0	0.0	0.0			57298.0	455.0	76.85	76.85	77.38	77.38	60.71	60.71	64.58	64.58	37.5	37.5	2020-03-30	88	2: März - Mai
Germany	DEU			NAT_TOTAL	20200331	3.0	1.0	2.0	1.0	2.0	1.0	4.0	1.0	0.0		2.0	0.0	2.0	0.0	4.0	2.0	0.0	0.0	0.0	0.0	2.0	1.0	1.0	1.0	0.0	0.0	0.0			61913.0	583.0	76.85	76.85	77.38	77.38	60.71	60.71	64.58	64.58	37.5	37.5	2020-03-31	89	2: März - Mai
Germany	DEU			NAT_TOTAL	20200401	3.0	1.0	2.0	1.0	2.0	1.0	4.0	1.0	0.0		2.0	0.0	2.0	0.0	4.0	2.0	0.0	1.0	0.0	0.0	2.0	1.0	1.0	1.0	0.0	0.0	1.0	1.0		67366.0	732.0	76.85	76.85	77.38	77.38	66.07	66.07	66.67	66.67	62.5	62.5	2020-04-01	90	2: März - Mai
Germany	DEU			NAT_TOTAL	20200402	3.0	1.0	2.0	1.0	2.0	1.0	4.0	1.0	0.0		2.0	0.0	2.0	0.0	4.0	2.0	0.0	1.0	0.0	0.0	2.0	1.0	1.0	1.0	0.0	0.0	1.0	1.0		73522.0	872.0	76.85	76.85	77.38	77.38	66.07	66.07	66.67	66.67	62.5	62.5	2020-04-02	91	2: März - Mai
Germany	DEU			NAT_TOTAL	20200403	3.0	1.0	2.0	1.0	2.0	1.0	4.0	1.0	0.0		2.0	0.0	2.0	0.0	4.0	2.0	0.0	1.0	0.0	0.0	2.0	1.0	1.0	1.0	0.0	0.0	1.0	1.0		79696.0	1017.0	76.85	76.85	77.38	77.38	66.07	66.07	66.67	66.67	62.5	62.5	2020-04-03	92	2: März - Mai
Germany	DEU			NAT_TOTAL	20200404	3.0	1.0	2.0	1.0	2.0	1.0	4.0	1.0	0.0		2.0	0.0	2.0	0.0	4.0	2.0	0.0	1.0	0.0	0.0	2.0	1.0	1.0	1.0	0.0	0.0	1.0	1.0		85778.0	1158.0	76.85	76.85	77.38	77.38	66.07	66.07	66.67	66.67	62.5	62.5	2020-04-04	93	2: März - Mai
Germany	DEU			NAT_TOTAL	20200405	3.0	1.0	2.0	1.0	2.0	1.0	4.0	1.0	0.0		2.0	0.0	2.0	0.0	4.0	2.0	0.0	1.0	0.0	0.0	2.0	1.0	1.0	1.0	0.0	0.0	1.0	1.0		91714.0	1342.0	76.85	76.85	77.38	77.38	66.07	66.07	66.67	66.67	62.5	62.5	2020-04-05	94	2: März - Mai
Germany	DEU			NAT_TOTAL	20200406	3.0	1.0	2.0	1.0	2.0	1.0	4.0	1.0	0.0		2.0	0.0	2.0	0.0	4.0	2.0	0.0	1.0	0.0	0.0	2.0	1.0	1.0	1.0	0.0	0.0	2.0	0.0		95391.0	1434.0	76.85	76.85	77.38	77.38	66.96	66.96	67.71	67.71	62.5	62.5	2020-04-06	95	2: März - Mai
Germany	DEU			NAT_TOTAL	20200407	3.0	1.0	2.0	1.0	2.0	1.0	4.0	1.0	0.0		2.0	0.0	2.0	0.0	4.0	2.0	0.0	1.0	0.0	0.0	2.0	1.0	1.0	1.0	0.0	0.0	2.0	0.0		99225.0	1607.0	76.85	76.85	77.38	77.38	66.96	66.96	67.71	67.71	62.5	62.5	2020-04-07	96	2: März - Mai
Germany	DEU			NAT_TOTAL	20200408	3.0	1.0	2.0	1.0	2.0	1.0	4.0	1.0	0.0		2.0	0.0	2.0	0.0	4.0	2.0	0.0	1.0	0.0	0.0	2.0	1.0	1.0	1.0	0.0	0.0	2.0	0.0		103228.0	1861.0	76.85	76.85	77.38	77.38	66.96	66.96	67.71	67.71	62.5	62.5	2020-04-08	97	2: März - Mai
Germany	DEU			NAT_TOTAL	20200409	3.0	1.0	2.0	1.0	2.0	1.0	4.0	1.0	0.0		2.0	0.0	2.0	0.0	4.0	2.0	0.0	1.0	0.0	0.0	2.0	1.0	1.0	1.0	0.0	0.0	2.0	0.0		108202.0	2107.0	76.85	76.85	77.38	77.38	66.96	66.96	67.71	67.71	62.5	62.5	2020-04-09	98	2: März - Mai
Germany	DEU			NAT_TOTAL	20200410	3.0	1.0	2.0	1.0	2.0	1.0	4.0	1.0	0.0		2.0	0.0	2.0	0.0	4.0	2.0	0.0	1.0	0.0	0.0	2.0	1.0	1.0	1.0	0.0	0.0	2.0	0.0		113525.0	2373.0	76.85	76.85	77.38	77.38	66.96	66.96	67.71	67.71	62.5	62.5	2020-04-10	99	2: März - Mai
Germany	DEU			NAT_TOTAL	20200411	3.0	1.0	2.0	1.0	2.0	1.0	4.0	1.0	0.0		2.0	0.0	2.0	0.0	4.0	2.0	0.0	1.0	0.0	0.0	2.0	1.0	1.0	1.0	0.0	0.0	2.0	0.0		117658.0	2544.0	76.85	76.85	77.38	77.38	66.96	66.96	67.71	67.71	62.5	62.5	2020-04-11	100	2: März - Mai
Germany	DEU			NAT_TOTAL	20200412	3.0	1.0	2.0	1.0	2.0	1.0	4.0	1.0	0.0		2.0	0.0	2.0	0.0	4.0	2.0	0.0	1.0	0.0	0.0	2.0	1.0	1.0	1.0	0.0	0.0	2.0	0.0		120479.0	2673.0	76.85	76.85	77.38	77.38	66.96	66.96	67.71	67.71	62.5	62.5	2020-04-12	101	2: März - Mai
Germany	DEU			NAT_TOTAL	20200413	3.0	1.0	2.0	1.0	2.0	1.0	4.0	1.0	0.0		2.0	0.0	2.0	0.0	4.0	2.0	0.0	1.0	0.0	0.0	2.0	1.0	1.0	1.0	0.0	0.0	2.0	0.0		123016.0	2799.0	76.85	76.85	77.38	77.38	66.96	66.96	67.71	67.71	62.5	62.5	2020-04-13	102	2: März - Mai
Germany	DEU			NAT_TOTAL	20200414	3.0	1.0	2.0	1.0	2.0	1.0	4.0	1.0	0.0		2.0	0.0	2.0	0.0	4.0	2.0	0.0	1.0	0.0	0.0	2.0	1.0	1.0	1.0	0.0	0.0	2.0	0.0		125098.0	2969.0	76.85	76.85	77.38	77.38	66.96	66.96	67.71	67.71	62.5	62.5	2020-04-14	103	2: März - Mai
Germany	DEU			NAT_TOTAL	20200415	3.0	1.0	2.0	1.0	2.0	1.0	4.0	1.0	0.0		2.0	0.0	2.0	0.0	4.0	2.0	0.0	1.0	0.0	0.0	2.0	1.0	1.0	1.0	0.0	0.0	2.0	0.0		127584.0	3254.0	76.85	76.85	77.38	77.38	66.96	66.96	67.71	67.71	62.5	62.5	2020-04-15	104	2: März - Mai
Germany	DEU			NAT_TOTAL	20200416	3.0	1.0	2.0	1.0	2.0	1.0	4.0	1.0	0.0		2.0	0.0	2.0	0.0	4.0	2.0	0.0	1.0	0.0	0.0	2.0	1.0	1.0	1.0	0.0	0.0	2.0	0.0		130450.0	3569.0	76.85	76.85	77.38	77.38	66.96	66.96	67.71	67.71	62.5	62.5	2020-04-16	105	2: März - Mai
Germany	DEU			NAT_TOTAL	20200417	3.0	1.0	2.0	1.0	2.0	1.0	4.0	1.0	0.0		2.0	0.0	2.0	0.0	4.0	2.0	0.0	1.0	0.0	0.0	2.0	1.0	1.0	1.0	0.0	0.0	2.0	0.0		133830.0	3868.0	76.85	76.85	77.38	77.38	66.96	66.96	67.71	67.71	62.5	62.5	2020-04-17	106	2: März - Mai
Germany	DEU			NAT_TOTAL	20200418	3.0	1.0	2.0	1.0	2.0	1.0	4.0	1.0	0.0		2.0	0.0	2.0	0.0	4.0	2.0	0.0	1.0	0.0	0.0	2.0	1.0	1.0	1.0	0.0	0.0	2.0	0.0		137439.0	4110.0	76.85	76.85	77.38	77.38	66.96	66.96	67.71	67.71	62.5	62.5	2020-04-18	107	2: März - Mai
Germany	DEU			NAT_TOTAL	20200419	3.0	1.0	2.0	1.0	2.0	1.0	4.0	1.0	0.0		2.0	0.0	2.0	0.0	4.0	2.0	0.0	1.0	0.0	0.0	2.0	1.0	1.0	1.0	0.0	0.0	2.0	0.0		139897.0	4294.0	76.85	76.85	77.38	77.38	66.96	66.96	67.71	67.71	62.5	62.5	2020-04-19	108	2: März - Mai
Germany	DEU			NAT_TOTAL	20200420	3.0	1.0	2.0	1.0	2.0	1.0	4.0	1.0	0.0		2.0	0.0	2.0	0.0	4.0	2.0	0.0	1.0	0.0	0.0	2.0	1.0	1.0	1.0	0.0	0.0	2.0	0.0		141672.0	4404.0	76.85	76.85	77.38	77.38	66.96	66.96	67.71	67.71	62.5	62.5	2020-04-20	109	2: März - Mai
Germany	DEU			NAT_TOTAL	20200421	3.0	1.0	2.0	1.0	2.0	1.0	4.0	1.0	0.0		2.0	0.0	2.0	0.0	4.0	2.0	0.0	1.0	0.0	0.0	2.0	1.0	1.0	1.0	0.0	0.0	2.0	0.0		143457.0	4598.0	76.85	76.85	77.38	77.38	66.96	66.96	67.71	67.71	62.5	62.5	2020-04-21	110	2: März - Mai
Germany	DEU			NAT_TOTAL	20200422	3.0	1.0	2.0	1.0	2.0	1.0	4.0	1.0	0.0		2.0	0.0	2.0	0.0	4.0	2.0	0.0	1.0	0.0	0.0	2.0	1.0	1.0	1.0	0.0	0.0	2.0	0.0		145694.0	4879.0	76.85	76.85	77.38	77.38	66.96	66.96	67.71	67.71	62.5	62.5	2020-04-22	111	2: März - Mai
Germany	DEU			NAT_TOTAL	20200423	3.0	1.0	2.0	1.0	2.0	1.0	4.0	1.0	0.0		2.0	0.0	2.0	0.0	4.0	2.0	0.0	1.0	0.0	0.0	2.0	1.0	1.0	1.0	0.0	0.0	2.0	0.0		148046.0	5094.0	76.85	76.85	77.38	77.38	66.96	66.96	67.71	67.71	62.5	62.5	2020-04-23	112	2: März - Mai
Germany	DEU			NAT_TOTAL	20200424	3.0	1.0	2.0	1.0	2.0	1.0	4.0	1.0	0.0		2.0	0.0	2.0	0.0	4.0	2.0	0.0	1.0	0.0	0.0	2.0	1.0	1.0	1.0	0.0	0.0	2.0	0.0		150383.0	5321.0	76.85	76.85	77.38	77.38	66.96	66.96	67.71	67.71	62.5	62.5	2020-04-24	113	2: März - Mai
Germany	DEU			NAT_TOTAL	20200425	3.0	1.0	2.0	1.0	2.0	1.0	4.0	1.0	0.0		2.0	0.0	2.0	0.0	4.0	2.0	0.0	1.0	0.0	0.0	2.0	1.0	1.0	1.0	0.0	0.0	2.0	0.0		152438.0	5500.0	76.85	76.85	77.38	77.38	66.96	66.96	67.71	67.71	62.5	62.5	2020-04-25	114	2: März - Mai
Germany	DEU			NAT_TOTAL	20200426	3.0	1.0	2.0	1.0	2.0	1.0	4.0	1.0	0.0		2.0	0.0	2.0	0.0	4.0	2.0	0.0	1.0	0.0	0.0	2.0	1.0	1.0	1.0	0.0	0.0	2.0	0.0		154175.0	5640.0	76.85	76.85	77.38	77.38	66.96	66.96	67.71	67.71	62.5	62.5	2020-04-26	115	2: März - Mai
Germany	DEU			NAT_TOTAL	20200427	3.0	1.0	2.0	1.0	2.0	1.0	4.0	1.0	0.0		2.0	0.0	2.0	0.0	4.0	2.0	0.0	1.0	0.0	0.0	2.0	1.0	1.0	1.0	0.0	0.0	2.0	1.0		155193.0	5750.0	76.85	76.85	77.38	77.38	67.86	67.86	68.75	68.75	62.5	62.5	2020-04-27	116	2: März - Mai
Germany	DEU			NAT_TOTAL	20200428	3.0	1.0	2.0	1.0	2.0	1.0	4.0	1.0	0.0		2.0	0.0	2.0	0.0	4.0	2.0	0.0	1.0	0.0	0.0	2.0	1.0	1.0	1.0	0.0	0.0	2.0	1.0		156337.0	5913.0	76.85	76.85	77.38	77.38	67.86	67.86	68.75	68.75	62.5	62.5	2020-04-28	117	2: März - Mai
Germany	DEU			NAT_TOTAL	20200429	3.0	1.0	2.0	1.0	2.0	1.0	4.0	1.0	0.0		2.0	0.0	2.0	0.0	4.0	2.0	0.0	1.0	0.0	0.0	2.0	1.0	3.0	1.0	54269511.0	0.0	2.0	1.0		157641.0	6115.0	76.85	76.85	77.38	77.38	72.62	72.62	74.31	74.31	62.5	62.5	2020-04-29	118	2: März - Mai
Germany	DEU			NAT_TOTAL	20200430	3.0	1.0	2.0	1.0	2.0	1.0	4.0	1.0	0.0		2.0	0.0	2.0	0.0	4.0	2.0	0.0	1.0	0.0	0.0	2.0	1.0	3.0	1.0	0.0	0.0	2.0	1.0		159119.0	6288.0	76.85	76.85	77.38	77.38	72.62	72.62	74.31	74.31	62.5	62.5	2020-04-30	119	2: März - Mai
Germany	DEU			NAT_TOTAL	20200501	3.0	1.0	2.0	1.0	2.0	1.0	4.0	1.0	0.0		2.0	0.0	2.0	0.0	4.0	2.0	0.0	1.0	0.0	0.0	2.0	1.0	3.0	1.0	0.0	0.0	2.0	1.0		160758.0	6481.0	76.85	76.85	77.38	77.38	72.62	72.62	74.31	74.31	62.5	62.5	2020-05-01	120	2: März - Mai
Germany	DEU			NAT_TOTAL	20200502	3.0	1.0	2.0	1.0	2.0	1.0	4.0	1.0	0.0		2.0	0.0	2.0	0.0	4.0	2.0	0.0	1.0	0.0	0.0	2.0	1.0	3.0	1.0	0.0	0.0	2.0	1.0		161703.0	6575.0	76.85	76.85	77.38	77.38	72.62	72.62	74.31	74.31	62.5	62.5	2020-05-02	121	2: März - Mai
Germany	DEU			NAT_TOTAL	20200503	3.0	1.0	2.0	1.0	2.0	1.0	4.0	0.0	0.0		2.0	0.0	2.0	0.0	4.0	2.0	0.0	1.0	0.0	0.0	2.0	1.0	3.0	1.0	0.0	0.0	2.0	1.0		162496.0	6649.0	75.46	75.46	77.38	77.38	71.73	71.73	73.26	73.26	62.5	62.5	2020-05-03	122	2: März - Mai
Germany	DEU			NAT_TOTAL	20200504	2.0	1.0	2.0	1.0	2.0	1.0	4.0	0.0	0.0		2.0	0.0	2.0	0.0	4.0	2.0	0.0	1.0	0.0	2023000000.0	2.0	1.0	3.0	1.0	0.0	545000000.0	2.0	1.0		163175.0	6692.0	71.76	71.76	73.81	73.81	69.35	69.35	70.49	70.49	62.5	62.5	2020-05-04	123	2: März - Mai
Germany	DEU			NAT_TOTAL	20200505	2.0	1.0	2.0	1.0	2.0	1.0	4.0	0.0	0.0		2.0	0.0	2.0	0.0	4.0	2.0	0.0	1.0	0.0	0.0	2.0	1.0	3.0	1.0	0.0	0.0	2.0	1.0		163860.0	6831.0	71.76	71.76	73.81	73.81	69.35	69.35	70.49	70.49	62.5	62.5	2020-05-05	124	2: März - Mai
Germany	DEU			NAT_TOTAL	20200506	2.0	1.0	2.0	1.0	2.0	1.0	4.0	0.0	0.0		0.0		2.0	0.0	4.0	2.0	0.0	1.0	0.0	0.0	2.0	1.0	3.0	1.0	0.0	0.0	2.0	1.0		164807.0	6996.0	66.2	66.2	73.81	73.81	65.77	65.77	66.32	66.32	62.5	62.5	2020-05-06	125	2: März - Mai
Germany	DEU			NAT_TOTAL	20200507	2.0	1.0	2.0	0.0	2.0	1.0	4.0	0.0	0.0		0.0		2.0	0.0	4.0	2.0	0.0	1.0	0.0	0.0	2.0	1.0	3.0	1.0	0.0	0.0	2.0	1.0		166091.0	7119.0	64.35	64.35	70.24	70.24	64.58	64.58	64.93	64.93	62.5	62.5	2020-05-07	126	2: März - Mai
Germany	DEU			NAT_TOTAL	20200508	2.0	1.0	2.0	0.0	2.0	1.0	4.0	0.0	0.0		0.0		2.0	0.0	4.0	2.0	0.0	1.0	0.0	0.0	2.0	1.0	3.0	1.0	0.0	0.0	2.0	1.0		167300.0	7266.0	64.35	64.35	70.24	70.24	64.58	64.58	64.93	64.93	62.5	62.5	2020-05-08	127	2: März - Mai
Germany	DEU			NAT_TOTAL	20200509	2.0	1.0	2.0	0.0	2.0	1.0	4.0	0.0	0.0		0.0		2.0	0.0	4.0	2.0	0.0	1.0	0.0	0.0	2.0	1.0	3.0	1.0	0.0	0.0	2.0	1.0		168551.0	7369.0	64.35	64.35	70.24	70.24	64.58	64.58	64.93	64.93	62.5	62.5	2020-05-09	128	2: März - Mai
Germany	DEU			NAT_TOTAL	20200510	2.0	1.0	2.0	0.0	2.0	1.0	4.0	0.0	0.0		0.0		2.0	0.0	4.0	2.0	0.0	1.0	0.0	0.0	2.0	1.0	3.0	1.0	0.0		2.0	1.0		169218.0	7395.0	64.35	64.35	70.24	70.24	64.58	64.58	64.93	64.93	62.5	62.5	2020-05-10	129	2: März - Mai
Germany	DEU			NAT_TOTAL	20200511	2.0	1.0	2.0	0.0	2.0	1.0	4.0	0.0	0.0		0.0		2.0	0.0	4.0	2.0	0.0	1.0	0.0	0.0	2.0	1.0	3.0	1.0	0.0	812000000.0	2.0	1.0		169575.0	7417.0	64.35	64.35	70.24	70.24	64.58	64.58	64.93	64.93	62.5	62.5	2020-05-11	130	2: März - Mai
Germany	DEU			NAT_TOTAL	20200512	2.0	1.0	2.0	0.0	2.0	1.0	4.0	0.0	0.0		0.0		2.0	0.0	4.0	2.0	0.0	1.0	0.0	0.0	2.0	1.0	3.0	1.0	0.0	0.0	2.0	1.0		170508.0	7533.0	64.35	64.35	70.24	70.24	64.58	64.58	64.93	64.93	62.5	62.5	2020-05-12	131	2: März - Mai
Germany	DEU			NAT_TOTAL	20200513	2.0	1.0	2.0	0.0	2.0	1.0	4.0	0.0	0.0		0.0		2.0	0.0	4.0	2.0	0.0	1.0	0.0	0.0	2.0	1.0	3.0	1.0	0.0	0.0	2.0	1.0		171306.0	7634.0	64.35	64.35	70.24	70.24	64.58	64.58	64.93	64.93	62.5	62.5	2020-05-13	132	2: März - Mai
Germany	DEU			NAT_TOTAL	20200514	2.0	1.0	2.0	0.0	2.0	1.0	4.0	0.0	0.0		0.0		2.0	0.0	4.0	2.0	0.0	1.0	0.0	0.0	2.0	1.0	3.0	1.0	0.0	0.0	2.0	1.0		172239.0	7723.0	64.35	64.35	70.24	70.24	64.58	64.58	64.93	64.93	62.5	62.5	2020-05-14	133	2: März - Mai
Germany	DEU			NAT_TOTAL	20200515	2.0	1.0	2.0	0.0	2.0	1.0	4.0	0.0	0.0		0.0		2.0	0.0	4.0	2.0	0.0	1.0	0.0	0.0	2.0	1.0	3.0	1.0	0.0	0.0	2.0	1.0		173152.0	7824.0	64.35	64.35	70.24	70.24	64.58	64.58	64.93	64.93	62.5	62.5	2020-05-15	134	2: März - Mai
Germany	DEU			NAT_TOTAL	20200516	2.0	1.0	2.0	0.0	2.0	1.0	4.0	0.0	0.0		0.0		2.0	0.0	3.0	2.0	0.0	1.0	0.0	0.0	2.0	1.0	3.0	1.0	0.0	0.0	2.0	1.0		173772.0	7881.0	61.57	61.57	66.67	66.67	62.8	62.8	62.85	62.85	62.5	62.5	2020-05-16	135	2: März - Mai
Germany	DEU			NAT_TOTAL	20200517	2.0	1.0	2.0	0.0	2.0	1.0	4.0	0.0	0.0		0.0		2.0	0.0	3.0	2.0	0.0	1.0	0.0	0.0	2.0	1.0	3.0	1.0	0.0	0.0	2.0	1.0		174355.0	7914.0	61.57	61.57	66.67	66.67	62.8	62.8	62.85	62.85	62.5	62.5	2020-05-17	136	2: März - Mai
Germany	DEU			NAT_TOTAL	20200518	2.0	1.0	2.0	0.0	2.0	1.0	4.0	0.0	0.0		0.0		2.0	0.0	3.0	2.0	0.0	1.0	0.0	0.0	2.0	1.0	3.0	1.0	0.0	0.0	2.0	1.0		174697.0	7935.0	61.57	61.57	66.67	66.67	62.8	62.8	62.85	62.85	62.5	62.5	2020-05-18	137	2: März - Mai
Germany	DEU			NAT_TOTAL	20200519	2.0	0.0	2.0	0.0	2.0	1.0	4.0	0.0	0.0		0.0		2.0	0.0	3.0	2.0	0.0	1.0	0.0	0.0	2.0	1.0	3.0	1.0	0.0	0.0	2.0	1.0		175210.0	8007.0	59.72	59.72	63.1	63.1	61.61	61.61	61.46	61.46	62.5	62.5	2020-05-19	138	2: März - Mai
Germany	DEU			NAT_TOTAL	20200520	2.0	0.0	2.0	0.0	2.0	1.0	4.0	0.0	0.0		0.0		2.0	0.0	3.0	2.0	0.0	1.0	0.0	0.0	2.0	1.0	3.0	1.0	0.0	0.0	2.0	1.0		176007.0	8090.0	59.72	59.72	63.1	63.1	61.61	61.61	61.46	61.46	62.5	62.5	2020-05-20	139	2: März - Mai
Germany	DEU			NAT_TOTAL	20200521	2.0	0.0	2.0	0.0	2.0	1.0	4.0	0.0	0.0		0.0		2.0	0.0	3.0	2.0	0.0	1.0	0.0	0.0	2.0	1.0	3.0	1.0	0.0	0.0	2.0	1.0		176752.0	8147.0	59.72	59.72	63.1	63.1	61.61	61.61	61.46	61.46	62.5	62.5	2020-05-21	140	2: März - Mai
Germany	DEU			NAT_TOTAL	20200522	2.0	0.0	2.0	0.0	2.0	1.0	4.0	0.0	0.0		0.0		2.0	0.0	3.0	2.0	0.0	1.0	0.0	0.0	2.0	1.0	3.0	1.0	0.0	0.0	2.0	1.0		177212.0	8174.0	59.72	59.72	63.1	63.1	61.61	61.61	61.46	61.46	62.5	62.5	2020-05-22	141	2: März - Mai
Germany	DEU			NAT_TOTAL	20200523	2.0	0.0	2.0	0.0	2.0	1.0	4.0	0.0	0.0		0.0		2.0	0.0	3.0	2.0	0.0	1.0	0.0	0.0	2.0	1.0	3.0	1.0	0.0	0.0	2.0	1.0		177850.0	8216.0	59.72	59.72	63.1	63.1	61.61	61.61	61.46	61.46	62.5	62.5	2020-05-23	142	2: März - Mai
Germany	DEU			NAT_TOTAL	20200524	2.0	0.0	2.0	0.0	2.0	1.0	4.0	0.0	0.0		0.0		2.0	0.0	3.0	2.0	0.0	1.0	0.0	0.0	2.0	1.0	3.0	1.0	0.0	0.0	2.0	1.0		178281.0	8247.0	59.72	59.72	63.1	63.1	61.61	61.61	61.46	61.46	62.5	62.5	2020-05-24	143	2: März - Mai
Germany	DEU			NAT_TOTAL	20200525	2.0	0.0	2.0	0.0	2.0	1.0	4.0	0.0	0.0		0.0		2.0	0.0	3.0	2.0	0.0	1.0	0.0	0.0	2.0	1.0	3.0	1.0	0.0	0.0	2.0	1.0		178570.0	8257.0	59.72	59.72	63.1	63.1	61.61	61.61	61.46	61.46	62.5	62.5	2020-05-25	144	2: März - Mai
Germany	DEU			NAT_TOTAL	20200526	2.0	0.0	2.0	0.0	2.0	1.0	4.0	0.0	0.0		0.0		2.0	0.0	3.0	2.0	0.0	1.0	0.0	0.0	2.0	1.0	3.0	1.0	0.0	0.0	2.0	1.0		179002.0	8302.0	59.72	59.72	63.1	63.1	61.61	61.61	61.46	61.46	62.5	62.5	2020-05-26	145	2: März - Mai
Germany	DEU			NAT_TOTAL	20200527	2.0	0.0	2.0	0.0	2.0	1.0	4.0	0.0	0.0		0.0		2.0	0.0	3.0	2.0	0.0	1.0	0.0	0.0	2.0	1.0	3.0	1.0	0.0	0.0	2.0	1.0		179364.0	8349.0	59.72	59.72	63.1	63.1	61.61	61.61	61.46	61.46	62.5	62.5	2020-05-27	146	2: März - Mai
Germany	DEU			NAT_TOTAL	20200528	2.0	0.0	2.0	0.0	2.0	1.0	4.0	0.0	0.0		0.0		2.0	0.0	3.0	2.0	0.0	1.0	0.0	0.0	2.0	1.0	3.0	1.0	0.0	0.0	2.0	1.0		179717.0	8411.0	59.72	59.72	63.1	63.1	61.61	61.61	61.46	61.46	62.5	62.5	2020-05-28	147	2: März - Mai
Germany	DEU			NAT_TOTAL	20200529	2.0	0.0	2.0	0.0	2.0	1.0	4.0	0.0	0.0		0.0		2.0	0.0	3.0	2.0	0.0	1.0	0.0	0.0	2.0	1.0	3.0	1.0	0.0	0.0	2.0	1.0		180458.0	8450.0	59.72	59.72	63.1	63.1	61.61	61.61	61.46	61.46	62.5	62.5	2020-05-29	148	2: März - Mai
Germany	DEU			NAT_TOTAL	20200530	2.0	0.0	2.0	0.0	2.0	1.0	4.0	0.0	0.0		0.0		2.0	0.0	3.0	2.0	0.0	1.0	0.0	0.0	2.0	1.0	3.0	1.0	0.0	0.0	2.0	1.0		181196.0	8489.0	59.72	59.72	63.1	63.1	61.61	61.61	61.46	61.46	62.5	62.5	2020-05-30	149	2: März - Mai
Germany	DEU			NAT_TOTAL	20200531	2.0	0.0	2.0	0.0	2.0	1.0	4.0	0.0	0.0		0.0		2.0	0.0	3.0	2.0	0.0	1.0	0.0	0.0	2.0	1.0	3.0	1.0	0.0	0.0	2.0	1.0		181482.0	8500.0	59.72	59.72	63.1	63.1	61.61	61.61	61.46	61.46	62.5	62.5	2020-05-31	150	2: März - Mai
Germany	DEU			NAT_TOTAL	20200601	2.0	0.0	2.0	0.0	2.0	1.0	4.0	0.0	0.0		0.0		2.0	0.0	3.0	2.0	0.0	1.0	0.0	0.0	2.0	1.0	3.0	1.0	0.0	0.0	2.0	1.0		181815.0	8511.0	59.72	59.72	63.1	63.1	61.61	61.61	61.46	61.46	62.5	62.5	2020-06-01	151	3: Juni - September
Germany	DEU			NAT_TOTAL	20200602	2.0	0.0	2.0	0.0	2.0	1.0	4.0	0.0	0.0		0.0		2.0	0.0	3.0	2.0	0.0	1.0	0.0	0.0	2.0	1.0	3.0	1.0	0.0	0.0	2.0	1.0		182028.0	8522.0	59.72	59.72	63.1	63.1	61.61	61.61	61.46	61.46	62.5	62.5	2020-06-02	152	3: Juni - September
Germany	DEU			NAT_TOTAL	20200603	2.0	0.0	2.0	0.0	2.0	1.0	4.0	0.0	0.0		0.0		2.0	0.0	3.0	2.0	0.0	1.0	0.0	0.0	2.0	1.0	3.0	1.0	0.0	0.0	2.0	1.0		182370.0	8551.0	59.72	59.72	63.1	63.1	61.61	61.61	61.46	61.46	62.5	62.5	2020-06-03	153	3: Juni - September
Germany	DEU			NAT_TOTAL	20200604	2.0	0.0	2.0	0.0	2.0	1.0	4.0	0.0	0.0		0.0		2.0	0.0	3.0	2.0	0.0	1.0	0.0	0.0	2.0	1.0	3.0	1.0	0.0	0.0	2.0	1.0		182764.0	8581.0	59.72	59.72	63.1	63.1	61.61	61.61	61.46	61.46	62.5	62.5	2020-06-04	154	3: Juni - September
Germany	DEU			NAT_TOTAL	20200605	2.0	0.0	2.0	0.0	2.0	1.0	4.0	0.0	0.0		0.0		2.0	0.0	3.0	2.0	0.0	1.0	0.0	0.0	2.0	1.0	3.0	1.0	0.0	0.0	2.0	1.0		183271.0	8613.0	59.72	59.72	63.1	63.1	61.61	61.61	61.46	61.46	62.5	62.5	2020-06-05	155	3: Juni - September
Germany	DEU			NAT_TOTAL	20200606	2.0	0.0	2.0	0.0	2.0	1.0	4.0	0.0	0.0		0.0		2.0	0.0	3.0	2.0	0.0	1.0	0.0	0.0	2.0	1.0	3.0	1.0	0.0	0.0	2.0	1.0		183678.0	8646.0	59.72	59.72	63.1	63.1	61.61	61.61	61.46	61.46	62.5	62.5	2020-06-06	156	3: Juni - September
Germany	DEU			NAT_TOTAL	20200607	2.0	0.0	2.0	0.0	2.0	1.0	4.0	0.0	0.0		0.0		2.0	0.0	3.0	2.0	0.0	1.0	0.0	0.0	2.0	1.0	3.0	1.0	0.0	0.0	2.0	1.0		183979.0	8668.0	59.72	59.72	63.1	63.1	61.61	61.61	61.46	61.46	62.5	62.5	2020-06-07	157	3: Juni - September
Germany	DEU			NAT_TOTAL	20200608	2.0	0.0	2.0	0.0	2.0	1.0	4.0	0.0	0.0		0.0		2.0	0.0	3.0	2.0	0.0	1.0	0.0	0.0	2.0	1.0	3.0	1.0	0.0	0.0	2.0	1.0		184193.0	8674.0	59.72	59.72	63.1	63.1	61.61	61.61	61.46	61.46	62.5	62.5	2020-06-08	158	3: Juni - September
Germany	DEU			NAT_TOTAL	20200609	2.0	0.0	2.0	0.0	2.0	1.0	4.0	0.0	0.0		0.0		2.0	0.0	3.0	2.0	0.0	1.0	0.0	0.0	2.0	1.0	3.0	1.0	0.0	0.0	2.0	1.0		184543.0	8711.0	59.72	59.72	63.1	63.1	61.61	61.61	61.46	61.46	62.5	62.5	2020-06-09	159	3: Juni - September
Germany	DEU			NAT_TOTAL	20200610	2.0	0.0	2.0	0.0	2.0	1.0	4.0	0.0	0.0		0.0		2.0	0.0	3.0	2.0	0.0	1.0	0.0	0.0	2.0	1.0	3.0	1.0	0.0	0.0	2.0	1.0		184861.0	8729.0	59.72	59.72	63.1	63.1	61.61	61.61	61.46	61.46	62.5	62.5	2020-06-10	160	3: Juni - September
Germany	DEU			NAT_TOTAL	20200611	2.0	0.0	2.0	0.0	2.0	1.0	4.0	0.0	0.0		0.0		2.0	0.0	3.0	2.0	0.0	1.0	0.0	0.0	2.0	1.0	3.0	1.0	0.0	0.0	2.0	1.0		185416.0	8755.0	59.72	59.72	63.1	63.1	61.61	61.61	61.46	61.46	62.5	62.5	2020-06-11	161	3: Juni - September
Germany	DEU			NAT_TOTAL	20200612	2.0	0.0	2.0	0.0	2.0	1.0	4.0	0.0	0.0		0.0		2.0	0.0	3.0	2.0	0.0	1.0	0.0	0.0	2.0	1.0	3.0	1.0	0.0	0.0	2.0	1.0		185674.0	8763.0	59.72	59.72	63.1	63.1	61.61	61.61	61.46	61.46	62.5	62.5	2020-06-12	162	3: Juni - September
Germany	DEU			NAT_TOTAL	20200613	2.0	0.0	2.0	0.0	2.0	1.0	4.0	0.0	0.0		0.0		2.0	0.0	3.0	2.0	0.0	1.0	0.0	0.0	2.0	1.0	3.0	1.0	0.0	0.0	2.0	1.0		186022.0	8781.0	59.72	59.72	63.1	63.1	61.61	61.61	61.46	61.46	62.5	62.5	2020-06-13	163	3: Juni - September
Germany	DEU			NAT_TOTAL	20200614	2.0	0.0	2.0	0.0	2.0	1.0	4.0	0.0	0.0		0.0		2.0	0.0	3.0	2.0	0.0	1.0	0.0	0.0	2.0	1.0	3.0	1.0	0.0	0.0	2.0	1.0		186269.0	8787.0	59.72	59.72	63.1	63.1	61.61	61.61	61.46	61.46	62.5	62.5	2020-06-14	164	3: Juni - September
Germany	DEU			NAT_TOTAL	20200615	2.0	0.0	2.0	0.0	2.0	1.0	4.0	0.0	0.0		0.0		2.0	0.0	3.0	2.0	0.0	1.0	0.0	0.0	2.0	1.0	3.0	2.0	0.0	0.0	2.0	1.0		186461.0	8791.0	59.72	59.72	63.1	63.1	65.18	65.18	65.62	65.62	62.5	62.5	2020-06-15	165	3: Juni - September
Germany	DEU			NAT_TOTAL	20200616	2.0	0.0	2.0	0.0	2.0	1.0	4.0	0.0	0.0		0.0		2.0	0.0	3.0	2.0	0.0	1.0	0.0	0.0	2.0	1.0	3.0	2.0	0.01	0.0	2.0	1.0		186839.0	8800.0	59.72	59.72	63.1	63.1	65.18	65.18	65.62	65.62	62.5	62.5	2020-06-16	166	3: Juni - September
Germany	DEU			NAT_TOTAL	20200617	2.0	0.0	2.0	0.0	2.0	1.0	4.0	0.0	0.0		0.0		2.0	0.0	3.0	2.0	0.0	1.0	28000000000.0	1740000000.0	2.0	1.0	3.0	2.0	0.0	340000000.0	2.0	1.0		187184.0	8830.0	59.72	59.72	63.1	63.1	65.18	65.18	65.62	65.62	62.5	62.5	2020-06-17	167	3: Juni - September
Germany	DEU			NAT_TOTAL	20200618	3.0	0.0	2.0	0.0	2.0	1.0	4.0	0.0	0.0		0.0		2.0	0.0	3.0	2.0	0.0	1.0	0.0	0.0	2.0	1.0	3.0	2.0	0.0	0.0	2.0	1.0		187764.0	8856.0	63.43	63.43	66.67	66.67	67.56	67.56	68.4	68.4	62.5	62.5	2020-06-18	168	3: Juni - September
Germany	DEU			NAT_TOTAL	20200619	3.0	0.0	2.0	0.0	2.0	1.0	4.0	0.0	0.0		0.0		2.0	0.0	3.0	2.0	0.0	1.0	0.0	0.0	2.0	1.0	3.0	2.0	0.0	0.0	2.0	1.0		188534.0	8872.0	63.43	63.43	66.67	66.67	67.56	67.56	68.4	68.4	62.5	62.5	2020-06-19	169	3: Juni - September
Germany	DEU			NAT_TOTAL	20200620	3.0	0.0	2.0	0.0	2.0	1.0	4.0	0.0	0.0		0.0		2.0	0.0	3.0	2.0	0.0	1.0	0.0	0.0	2.0	1.0	3.0	2.0	0.0	0.0	2.0	1.0		189135.0	8882.0	63.43	63.43	66.67	66.67	67.56	67.56	68.4	68.4	62.5	62.5	2020-06-20	170	3: Juni - September
Germany	DEU			NAT_TOTAL	20200621	3.0	0.0	2.0	0.0	2.0	1.0	4.0	0.0	0.0		0.0		2.0	0.0	3.0	2.0	0.0	1.0	0.0	0.0	2.0	1.0	3.0	2.0	0.0	0.0	2.0	1.0		189822.0	8882.0	63.43	63.43	66.67	66.67	67.56	67.56	68.4	68.4	62.5	62.5	2020-06-21	171	3: Juni - September
Germany	DEU			NAT_TOTAL	20200622	3.0	0.0	2.0	0.0	2.0	1.0	4.0	0.0	0.0		0.0		2.0	0.0	3.0	2.0	0.0	1.0	0.0	0.0	2.0	1.0	3.0	2.0	0.0	0.0	2.0	1.0		190359.0	8885.0	63.43	63.43	66.67	66.67	67.56	67.56	68.4	68.4	62.5	62.5	2020-06-22	172	3: Juni - September
Germany	DEU			NAT_TOTAL	20200623	3.0	0.0	2.0	0.0	2.0	1.0	4.0	0.0	0.0		0.0		2.0	0.0	3.0	2.0	0.0	1.0	0.0	0.0	2.0	1.0	3.0	2.0	0.0	0.0	2.0	1.0		190862.0	8895.0	63.43	63.43	66.67	66.67	67.56	67.56	68.4	68.4	62.5	62.5	2020-06-23	173	3: Juni - September
Germany	DEU			NAT_TOTAL	20200624	3.0	0.0	2.0	0.0	2.0	1.0	4.0	0.0	0.0		0.0		2.0	0.0	3.0	2.0	0.0	1.0	0.0	0.0	2.0	1.0	3.0	2.0	0.0	0.0	2.0	1.0		191449.0	8914.0	63.43	63.43	66.67	66.67	67.56	67.56	68.4	68.4	62.5	62.5	2020-06-24	174	3: Juni - September
Germany	DEU			NAT_TOTAL	20200625	3.0	0.0	2.0	0.0	2.0	1.0	4.0	0.0	0.0		0.0		2.0	0.0	3.0	2.0	0.0	1.0	0.0	0.0	2.0	1.0	3.0	2.0	0.0	0.0	2.0	1.0		192079.0	8927.0	63.43	63.43	66.67	66.67	67.56	67.56	68.4	68.4	62.5	62.5	2020-06-25	175	3: Juni - September
Germany	DEU			NAT_TOTAL	20200626	3.0	0.0	2.0	0.0	2.0	1.0	4.0	0.0	0.0		0.0		2.0	0.0	3.0	2.0	0.0	1.0	0.0	0.0	2.0	1.0	3.0	2.0	0.0	0.0	2.0	1.0		192556.0	8948.0	63.43	63.43	66.67	66.67	67.56	67.56	68.4	68.4	62.5	62.5	2020-06-26	176	3: Juni - September
Germany	DEU			NAT_TOTAL	20200627	3.0	0.0	2.0	0.0	2.0	1.0	4.0	0.0	0.0		0.0		2.0	0.0	3.0	2.0	0.0	1.0	0.0	0.0	2.0	1.0	3.0	2.0	0.0	0.0	2.0	1.0		193243.0	8954.0	63.43	63.43	66.67	66.67	67.56	67.56	68.4	68.4	62.5	62.5	2020-06-27	177	3: Juni - September
Germany	DEU			NAT_TOTAL	20200628	3.0	0.0	2.0	0.0	2.0	1.0	4.0	0.0	0.0		0.0		2.0	0.0	3.0	2.0	0.0	1.0	0.0	0.0	2.0	1.0	3.0	2.0	0.0	0.0	2.0	1.0		193499.0	8957.0	63.43	63.43	66.67	66.67	67.56	67.56	68.4	68.4	62.5	62.5	2020-06-28	178	3: Juni - September
Germany	DEU			NAT_TOTAL	20200629	3.0	0.0	2.0	0.0	2.0	1.0	4.0	0.0	0.0		0.0		2.0	0.0	3.0	2.0	0.0	1.0	0.0	0.0	2.0	1.0	3.0	2.0	0.0	0.0	2.0	1.0		193761.0	8961.0	63.43	63.43	66.67	66.67	67.56	67.56	68.4	68.4	62.5	62.5	2020-06-29	179	3: Juni - September
Germany	DEU			NAT_TOTAL	20200630	3.0	0.0	2.0	0.0	2.0	1.0	4.0	0.0	0.0		0.0		2.0	0.0	3.0	2.0	0.0	1.0	0.0	0.0	2.0	1.0	3.0	2.0	0.0	0.0	2.0	1.0		194259.0	8973.0	63.43	63.43	66.67	66.67	67.56	67.56	68.4	68.4	62.5	62.5	2020-06-30	180	3: Juni - September
Germany	DEU			NAT_TOTAL	20200701	3.0	0.0	2.0	0.0	2.0	1.0	4.0	0.0	0.0		0.0		2.0	0.0	3.0	2.0	0.0	0.0	0.0	0.0	2.0	1.0	3.0	2.0	0.0	0.0	2.0	1.0		194725.0	8985.0	63.43	63.43	66.67	66.67	63.99	63.99	68.4	68.4	37.5	37.5	2020-07-01	181	3: Juni - September
Germany	DEU			NAT_TOTAL	20200702	3.0	0.0	2.0	0.0	2.0	1.0	4.0	0.0	0.0		0.0		2.0	0.0	3.0	2.0	0.0	0.0	0.0	0.0	2.0	1.0	3.0	2.0	0.0	0.0	2.0	1.0		195228.0	8994.0	63.43	63.43	66.67	66.67	63.99	63.99	68.4	68.4	37.5	37.5	2020-07-02	182	3: Juni - September
Germany	DEU			NAT_TOTAL	20200703	3.0	0.0	2.0	0.0	2.0	1.0	4.0	0.0	0.0		0.0		2.0	0.0	3.0	2.0	0.0	0.0	0.0	0.0	2.0	1.0	3.0	2.0	0.0	0.0	2.0	1.0		195674.0	9003.0	63.43	63.43	66.67	66.67	63.99	63.99	68.4	68.4	37.5	37.5	2020-07-03	183	3: Juni - September
Germany	DEU			NAT_TOTAL	20200704	3.0	0.0	2.0	0.0	2.0	1.0	4.0	0.0	0.0		0.0		2.0	0.0	3.0	2.0	0.0	0.0	0.0	0.0	2.0	1.0	3.0	2.0	0.0	0.0	2.0	1.0		196096.0	9010.0	63.43	63.43	66.67	66.67	63.99	63.99	68.4	68.4	37.5	37.5	2020-07-04	184	3: Juni - September
Germany	DEU			NAT_TOTAL	20200705	3.0	0.0	2.0	0.0	2.0	1.0	4.0	0.0	0.0		0.0		2.0	0.0	3.0	2.0	0.0	0.0	0.0	0.0	2.0	1.0	3.0	2.0	0.0	0.0	2.0	1.0		196335.0	9012.0	63.43	63.43	66.67	66.67	63.99	63.99	68.4	68.4	37.5	37.5	2020-07-05	185	3: Juni - September
Germany	DEU			NAT_TOTAL	20200706	3.0	0.0	2.0	0.0	2.0	1.0	4.0	0.0	0.0		0.0		2.0	0.0	3.0	2.0	0.0	0.0	0.0	0.0	2.0	1.0	3.0	2.0	0.0	0.0	2.0	1.0		196554.0	9016.0	63.43	63.43	66.67	66.67	63.99	63.99	68.4	68.4	37.5	37.5	2020-07-06	186	3: Juni - September
Germany	DEU			NAT_TOTAL	20200707	1.0	1.0	2.0	0.0	2.0	1.0	3.0	0.0	0.0		0.0		2.0	0.0	3.0	2.0	0.0	0.0	0.0	0.0	2.0	1.0	3.0	2.0	0.0	0.0	2.0	1.0		196944.0	9024.0	55.09	55.09	63.1	63.1	58.63	58.63	62.15	62.15	37.5	37.5	2020-07-07	187	3: Juni - September
Germany	DEU			NAT_TOTAL	20200708	1.0	1.0	2.0	0.0	2.0	1.0	3.0	0.0	0.0		0.0		2.0	0.0	3.0	2.0	0.0	0.0	0.0	0.0	2.0	1.0	3.0	2.0	0.0	0.0	2.0	1.0		197341.0	9036.0	55.09	55.09	63.1	63.1	58.63	58.63	62.15	62.15	37.5	37.5	2020-07-08	188	3: Juni - September
Germany	DEU			NAT_TOTAL	20200709	1.0	1.0	2.0	0.0	2.0	1.0	3.0	0.0	0.0		0.0		2.0	0.0	3.0	2.0	0.0	0.0	0.0	0.0	2.0	1.0	3.0	2.0	0.0	0.0	2.0	1.0		197783.0	9048.0	55.09	55.09	63.1	63.1	58.63	58.63	62.15	62.15	37.5	37.5	2020-07-09	189	3: Juni - September
Germany	DEU			NAT_TOTAL	20200710	1.0	1.0	2.0	0.0	2.0	1.0	3.0	0.0	0.0		0.0		2.0	0.0	3.0	2.0	0.0	0.0	0.0	0.0	2.0	1.0	3.0	2.0	0.0	0.0	2.0	1.0		198178.0	9054.0	55.09	55.09	63.1	63.1	58.63	58.63	62.15	62.15	37.5	37.5	2020-07-10	190	3: Juni - September
Germany	DEU			NAT_TOTAL	20200711	1.0	1.0	2.0	0.0	2.0	1.0	3.0	0.0	0.0		0.0		2.0	0.0	3.0	2.0	0.0	0.0	0.0	0.0	2.0	1.0	3.0	2.0	0.0	0.0	2.0	1.0		198556.0	9060.0	55.09	55.09	63.1	63.1	58.63	58.63	62.15	62.15	37.5	37.5	2020-07-11	191	3: Juni - September
Germany	DEU			NAT_TOTAL	20200712	1.0	1.0	2.0	0.0	2.0	1.0	3.0	0.0	0.0		0.0		2.0	0.0	3.0	2.0	0.0	0.0	0.0	0.0	2.0	1.0	3.0	2.0	0.0	0.0	2.0	1.0		198804.0	9063.0	55.09	55.09	63.1	63.1	58.63	58.63	62.15	62.15	37.5	37.5	2020-07-12	192	3: Juni - September
Germany	DEU			NAT_TOTAL	20200713	1.0	1.0	2.0	0.0	2.0	1.0	3.0	0.0	0.0		0.0		2.0	0.0	3.0	2.0	0.0	0.0	0.0	0.0	2.0	1.0	3.0	2.0	0.0	0.0	2.0	1.0		198963.0	9064.0	55.09	55.09	63.1	63.1	58.63	58.63	62.15	62.15	37.5	37.5	2020-07-13	193	3: Juni - September
Germany	DEU			NAT_TOTAL	20200714	1.0	1.0	2.0	0.0	2.0	1.0	3.0	0.0	0.0		0.0		2.0	0.0	3.0	2.0	0.0	0.0	0.0	0.0	2.0	1.0	3.0	2.0	0.0	0.0	2.0	1.0		199375.0	9068.0	55.09	55.09	63.1	63.1	58.63	58.63	62.15	62.15	37.5	37.5	2020-07-14	194	3: Juni - September
Germany	DEU			NAT_TOTAL	20200715	1.0	1.0	2.0	0.0	2.0	1.0	3.0	0.0	0.0		0.0		2.0	0.0	3.0	2.0	0.0	0.0	0.0	0.0	2.0	1.0	3.0	2.0	0.0	0.0	2.0	1.0		199726.0	9071.0	55.09	55.09	63.1	63.1	58.63	58.63	62.15	62.15	37.5	37.5	2020-07-15	195	3: Juni - September
Germany	DEU			NAT_TOTAL	20200716	1.0	1.0	2.0	0.0	2.0	1.0	3.0	0.0	0.0		0.0		2.0	0.0	3.0	2.0	0.0	0.0	0.0	0.0	2.0	1.0	3.0	2.0	0.0	0.0	2.0	1.0		200260.0	9078.0	55.09	55.09	63.1	63.1	58.63	58.63	62.15	62.15	37.5	37.5	2020-07-16	196	3: Juni - September
Germany	DEU			NAT_TOTAL	20200717	1.0	1.0	2.0	0.0	2.0	1.0	3.0	0.0	0.0		0.0		2.0	0.0	3.0	2.0	0.0	0.0	0.0	0.0	2.0	1.0	3.0	2.0	0.0	0.0	2.0	1.0		200843.0	9082.0	55.09	55.09	63.1	63.1	58.63	58.63	62.15	62.15	37.5	37.5	2020-07-17	197	3: Juni - September
Germany	DEU			NAT_TOTAL	20200718	1.0	1.0	2.0	0.0	2.0	1.0	3.0	0.0	0.0		0.0		2.0	0.0	3.0	2.0	0.0	0.0	0.0	0.0	2.0	1.0	3.0	2.0	0.0	0.0	2.0	1.0		201372.0	9083.0	55.09	55.09	63.1	63.1	58.63	58.63	62.15	62.15	37.5	37.5	2020-07-18	198	3: Juni - September
Germany	DEU			NAT_TOTAL	20200719	1.0	1.0	2.0	0.0	2.0	1.0	3.0	0.0	0.0		0.0		2.0	0.0	3.0	2.0	0.0	0.0	0.0	0.0	2.0	1.0	3.0	2.0	0.0	0.0	2.0	1.0		201574.0	9084.0	55.09	55.09	63.1	63.1	58.63	58.63	62.15	62.15	37.5	37.5	2020-07-19	199	3: Juni - September
Germany	DEU			NAT_TOTAL	20200720	1.0	1.0	2.0	0.0	2.0	1.0	3.0	0.0	0.0		0.0		2.0	0.0	3.0	2.0	0.0	0.0	0.0	0.0	2.0	1.0	3.0	2.0	0.0	0.0	2.0	1.0		201823.0	9086.0	55.09	55.09	63.1	63.1	58.63	58.63	62.15	62.15	37.5	37.5	2020-07-20	200	3: Juni - September
Germany	DEU			NAT_TOTAL	20200721	1.0	1.0	2.0	0.0	2.0	1.0	3.0	0.0	0.0		0.0		2.0	0.0	3.0	2.0	0.0	0.0	0.0	0.0	2.0	1.0	3.0	2.0	0.0	0.0	2.0	1.0		202345.0	9090.0	55.09	55.09	63.1	63.1	58.63	58.63	62.15	62.15	37.5	37.5	2020-07-21	201	3: Juni - September
Germany	DEU			NAT_TOTAL	20200722	1.0	1.0	2.0	0.0	2.0	1.0	3.0	0.0	0.0		0.0		2.0	0.0	3.0	2.0	0.0	0.0	0.0	0.0	2.0	1.0	3.0	2.0	0.0	0.0	2.0	1.0		202799.0	9095.0	55.09	55.09	63.1	63.1	58.63	58.63	62.15	62.15	37.5	37.5	2020-07-22	202	3: Juni - September
Germany	DEU			NAT_TOTAL	20200723	1.0	1.0	2.0	0.0	2.0	1.0	3.0	0.0	0.0		0.0		2.0	0.0	3.0	2.0	0.0	0.0	0.0	0.0	2.0	1.0	3.0	2.0	0.0	0.0	2.0	1.0		203368.0	9101.0	55.09	55.09	63.1	63.1	58.63	58.63	62.15	62.15	37.5	37.5	2020-07-23	203	3: Juni - September
Germany	DEU			NAT_TOTAL	20200724	1.0	1.0	2.0	0.0	2.0	1.0	3.0	0.0	0.0		0.0		2.0	0.0	3.0	2.0	0.0	0.0	0.0	0.0	2.0	1.0	3.0	2.0	0.0	0.0	2.0	1.0		204183.0	9111.0	55.09	55.09	63.1	63.1	58.63	58.63	62.15	62.15	37.5	37.5	2020-07-24	204	3: Juni - September
Germany	DEU			NAT_TOTAL	20200725	1.0	1.0	2.0	0.0	2.0	1.0	3.0	0.0	0.0		0.0		2.0	0.0	3.0	2.0	0.0	0.0	0.0	0.0	2.0	1.0	3.0	2.0	0.0	0.0	2.0	1.0		204964.0	9118.0	55.09	55.09	63.1	63.1	58.63	58.63	62.15	62.15	37.5	37.5	2020-07-25	205	3: Juni - September
Germany	DEU			NAT_TOTAL	20200726	1.0	1.0	2.0	0.0	2.0	1.0	3.0	0.0	0.0		0.0		2.0	0.0	3.0	2.0	0.0	0.0	0.0	0.0	2.0	1.0	3.0	2.0	0.0	0.0	2.0	1.0		205269.0	9118.0	55.09	55.09	63.1	63.1	58.63	58.63	62.15	62.15	37.5	37.5	2020-07-26	206	3: Juni - September
Germany	DEU			NAT_TOTAL	20200727	1.0	1.0	2.0	0.0	2.0	1.0	3.0	0.0	0.0		0.0		2.0	0.0	3.0	2.0	0.0	0.0	0.0	0.0	2.0	1.0	3.0	2.0	0.0	0.0	2.0	1.0		205609.0	9118.0	55.09	55.09	63.1	63.1	58.63	58.63	62.15	62.15	37.5	37.5	2020-07-27	207	3: Juni - September
Germany	DEU			NAT_TOTAL	20200728	1.0	1.0	2.0	0.0	2.0	1.0	3.0	0.0	0.0		0.0		2.0	0.0	3.0	2.0	0.0	0.0	0.0	0.0	2.0	1.0	3.0	2.0	0.0	0.0	2.0	1.0		206242.0	9122.0	55.09	55.09	63.1	63.1	58.63	58.63	62.15	62.15	37.5	37.5	2020-07-28	208	3: Juni - September
Germany	DEU			NAT_TOTAL	20200729	1.0	1.0	2.0	0.0	2.0	1.0	3.0	0.0	0.0		0.0		2.0	0.0	3.0	2.0	0.0	0.0	0.0	0.0	2.0	1.0	3.0	2.0	0.0	0.0	2.0	1.0		206926.0	9128.0	55.09	55.09	63.1	63.1	58.63	58.63	62.15	62.15	37.5	37.5	2020-07-29	209	3: Juni - September
Germany	DEU			NAT_TOTAL	20200730	1.0	1.0	2.0	0.0	2.0	1.0	3.0	0.0	0.0		0.0		2.0	0.0	3.0	2.0	0.0	0.0	0.0	0.0	2.0	1.0	3.0	2.0	0.0	0.0	2.0	1.0		207828.0	9134.0	55.09	55.09	63.1	63.1	58.63	58.63	62.15	62.15	37.5	37.5	2020-07-30	210	3: Juni - September
Germany	DEU			NAT_TOTAL	20200731	1.0	1.0	2.0	0.0	2.0	1.0	4.0	0.0	0.0		0.0		2.0	0.0	3.0	2.0	0.0	0.0	0.0	0.0	2.0	1.0	3.0	2.0	0.0	0.0	2.0	1.0		208698.0	9141.0	57.87	57.87	63.1	63.1	60.42	60.42	64.24	64.24	37.5	37.5	2020-07-31	211	3: Juni - September
Germany	DEU			NAT_TOTAL	20200801	1.0	1.0	2.0	0.0	2.0	1.0	4.0	0.0	0.0		0.0		2.0	0.0	3.0	2.0	0.0	0.0	0.0	0.0	2.0	1.0	3.0	2.0	0.0	0.0	2.0	1.0		209653.0	9141.0	57.87	57.87	63.1	63.1	60.42	60.42	64.24	64.24	37.5	37.5	2020-08-01	212	3: Juni - September
Germany	DEU			NAT_TOTAL	20200802	1.0	1.0	2.0	0.0	2.0	1.0	4.0	0.0	0.0		0.0		2.0	0.0	3.0	2.0	0.0	0.0	0.0	0.0	2.0	1.0	3.0	2.0	0.0	0.0	2.0	1.0		209893.0	9141.0	57.87	57.87	63.1	63.1	60.42	60.42	64.24	64.24	37.5	37.5	2020-08-02	213	3: Juni - September
Germany	DEU			NAT_TOTAL	20200803	1.0	1.0	2.0	0.0	2.0	1.0	4.0	0.0	0.0		0.0		2.0	0.0	3.0	2.0	0.0	0.0	0.0	0.0	2.0	1.0	3.0	2.0	0.0	0.0	2.0	1.0		210402.0	9148.0	57.87	57.87	63.1	63.1	60.42	60.42	64.24	64.24	37.5	37.5	2020-08-03	214	3: Juni - September
Germany	DEU			NAT_TOTAL	20200804	1.0	1.0	2.0	0.0	2.0	1.0	4.0	0.0	0.0		0.0		2.0	0.0	3.0	2.0	0.0	0.0	0.0	0.0	2.0	1.0	3.0	2.0	0.0	0.0	2.0	1.0		211281.0	9156.0	57.87	57.87	63.1	63.1	60.42	60.42	64.24	64.24	37.5	37.5	2020-08-04	215	3: Juni - September
Germany	DEU			NAT_TOTAL	20200805	1.0	1.0	2.0	0.0	2.0	1.0	4.0	0.0	0.0		0.0		2.0	0.0	3.0	2.0	0.0	0.0	0.0	0.0	2.0	1.0	3.0	2.0	0.0	0.0	2.0	1.0		212022.0	9168.0	57.87	57.87	63.1	63.1	60.42	60.42	64.24	64.24	37.5	37.5	2020-08-05	216	3: Juni - September
Germany	DEU			NAT_TOTAL	20200806	1.0	1.0	2.0	0.0	2.0	1.0	4.0	0.0	0.0		0.0		2.0	0.0	3.0	2.0	0.0	0.0	0.0	0.0	2.0	1.0	3.0	2.0	0.0	0.0	2.0	1.0		213067.0	9175.0	57.87	57.87	63.1	63.1	60.42	60.42	64.24	64.24	37.5	37.5	2020-08-06	217	3: Juni - September
Germany	DEU			NAT_TOTAL	20200807	2.0	0.0	2.0	0.0	2.0	1.0	4.0	0.0	0.0		0.0		2.0	0.0	3.0	2.0	0.0	0.0	0.0	0.0	2.0	1.0	3.0	2.0	0.0	0.0	2.0	1.0		214214.0	9183.0	59.72	59.72	63.1	63.1	61.61	61.61	65.62	65.62	37.5	37.5	2020-08-07	218	3: Juni - September
Germany	DEU			NAT_TOTAL	20200808	2.0	0.0	2.0	0.0	2.0	1.0	3.0	0.0	0.0		0.0		2.0	0.0	3.0	2.0	0.0	0.0	0.0	0.0	2.0	1.0	3.0	2.0	0.0	0.0	2.0	1.0		215336.0	9195.0	56.94	56.94	63.1	63.1	59.82	59.82	63.54	63.54	37.5	37.5	2020-08-08	219	3: Juni - September
Germany	DEU			NAT_TOTAL	20200809	2.0	0.0	2.0	0.0	2.0	1.0	3.0	0.0	0.0		0.0		2.0	0.0	3.0	2.0	0.0	0.0	0.0	0.0	2.0	1.0	3.0	2.0	0.0	0.0	2.0	1.0		215891.0	9196.0	56.94	56.94	63.1	63.1	59.82	59.82	63.54	63.54	37.5	37.5	2020-08-09	220	3: Juni - September
Germany	DEU			NAT_TOTAL	20200810	2.0	0.0	2.0	0.0	2.0	1.0	3.0	0.0	0.0		0.0		2.0	0.0	3.0	2.0	0.0	0.0	0.0	0.0	2.0	1.0	3.0	2.0	0.0	0.0	2.0	1.0		216327.0	9197.0	56.94	56.94	63.1	63.1	59.82	59.82	63.54	63.54	37.5	37.5	2020-08-10	221	3: Juni - September
Germany	DEU			NAT_TOTAL	20200811	2.0	0.0	2.0	0.0	2.0	1.0	3.0	0.0	0.0		0.0		2.0	0.0	3.0	2.0	0.0	0.0	0.0	0.0	2.0	1.0	3.0	2.0	0.0	0.0	2.0	1.0		217293.0	9201.0	56.94	56.94	63.1	63.1	59.82	59.82	63.54	63.54	37.5	37.5	2020-08-11	222	3: Juni - September
Germany	DEU			NAT_TOTAL	20200812	2.0	0.0	2.0	0.0	2.0	1.0	3.0	0.0	0.0		0.0		2.0	0.0	3.0	2.0	0.0	0.0	0.0	0.0	2.0	1.0	3.0	2.0	0.0	0.0	2.0	1.0		218519.0	9207.0	56.94	56.94	63.1	63.1	59.82	59.82	63.54	63.54	37.5	37.5	2020-08-12	223	3: Juni - September
Germany	DEU			NAT_TOTAL	20200813	2.0	0.0	2.0	0.0	2.0	1.0	3.0	0.0	0.0		0.0		2.0	0.0	3.0	2.0	0.0	0.0	0.0	0.0	2.0	1.0	3.0	2.0	0.0	0.0	2.0	1.0		219964.0	9211.0	56.94	56.94	63.1	63.1	59.82	59.82	63.54	63.54	37.5	37.5	2020-08-13	224	3: Juni - September
Germany	DEU			NAT_TOTAL	20200814	2.0	0.0	2.0	0.0	2.0	1.0	3.0	0.0	0.0		0.0		2.0	0.0	3.0	2.0	0.0	0.0	0.0	0.0	2.0	1.0	3.0	2.0	0.0	0.0	2.0	1.0		221413.0	9225.0	56.94	56.94	63.1	63.1	59.82	59.82	63.54	63.54	37.5	37.5	2020-08-14	225	3: Juni - September
Germany	DEU			NAT_TOTAL	20200815	2.0	0.0	2.0	0.0	2.0	1.0	3.0	0.0	0.0		0.0		2.0	0.0	3.0	2.0	0.0	0.0	0.0	0.0	2.0	1.0	3.0	2.0	0.0	0.0	2.0	1.0		222828.0	9231.0	56.94	56.94	63.1	63.1	59.82	59.82	63.54	63.54	37.5	37.5	2020-08-15	226	3: Juni - September
Germany	DEU			NAT_TOTAL	20200816	2.0	0.0	2.0	0.0	2.0	1.0	3.0	0.0	0.0		0.0		2.0	0.0	3.0	2.0	0.0	0.0	0.0	0.0	2.0	1.0	3.0	2.0	0.0	0.0	2.0	1.0		223453.0	9231.0	56.94	56.94	63.1	63.1	59.82	59.82	63.54	63.54	37.5	37.5	2020-08-16	227	3: Juni - September
Germany	DEU			NAT_TOTAL	20200817	2.0	0.0	2.0	0.0	2.0	1.0	3.0	0.0	0.0		0.0		2.0	0.0	3.0	2.0	0.0	0.0	0.0	0.0	2.0	1.0	3.0	2.0	0.0	0.0	2.0	1.0		224014.0	9232.0	56.94	56.94	63.1	63.1	59.82	59.82	63.54	63.54	37.5	37.5	2020-08-17	228	3: Juni - September
Germany	DEU			NAT_TOTAL	20200818	2.0	0.0	2.0	0.0	2.0	1.0	3.0	0.0	0.0		0.0		2.0	0.0	3.0	2.0	0.0	0.0	0.0	0.0	2.0	1.0	3.0	2.0	0.0	0.0	2.0	1.0		225404.0	9236.0	56.94	56.94	63.1	63.1	59.82	59.82	63.54	63.54	37.5	37.5	2020-08-18	229	3: Juni - September
Germany	DEU			NAT_TOTAL	20200819	2.0	0.0	2.0	0.0	2.0	1.0	3.0	0.0	0.0		0.0		2.0	0.0	3.0	2.0	0.0	0.0	0.0	0.0	2.0	1.0	3.0	2.0	0.0	0.0	2.0	1.0		226914.0	9243.0	56.94	56.94	63.1	63.1	59.82	59.82	63.54	63.54	37.5	37.5	2020-08-19	230	3: Juni - September
Germany	DEU			NAT_TOTAL	20200820	2.0	0.0	2.0	0.0	2.0	1.0	3.0	0.0	0.0		0.0		2.0	0.0	3.0	2.0	0.0	0.0	0.0	0.0	2.0	1.0	3.0	2.0	0.0	0.0	2.0	1.0		228621.0	9253.0	56.94	56.94	63.1	63.1	59.82	59.82	63.54	63.54	37.5	37.5	2020-08-20	231	3: Juni - September
Germany	DEU			NAT_TOTAL	20200821	2.0	0.0	2.0	0.0	2.0	1.0	3.0	0.0	0.0		0.0		2.0	0.0	3.0	2.0	0.0	0.0	0.0	0.0	2.0	1.0	3.0	2.0	0.0	0.0	2.0	1.0		230048.0	9260.0	56.94	56.94	63.1	63.1	59.82	59.82	63.54	63.54	37.5	37.5	2020-08-21	232	3: Juni - September
Germany	DEU			NAT_TOTAL	20200822	2.0	0.0	2.0	0.0	2.0	1.0	3.0	0.0	0.0		0.0		2.0	0.0	3.0	2.0	0.0	0.0	0.0	0.0	2.0	1.0	3.0	2.0	0.0	0.0	2.0	1.0		232082.0	9267.0	56.94	56.94	63.1	63.1	59.82	59.82	63.54	63.54	37.5	37.5	2020-08-22	233	3: Juni - September
Germany	DEU			NAT_TOTAL	20200823	2.0	0.0	2.0	0.0	2.0	1.0	3.0	0.0	0.0		0.0		2.0	0.0	3.0	2.0	0.0	0.0	0.0	0.0	2.0	1.0	3.0	2.0	0.0	0.0	2.0	1.0		232864.0	9269.0	56.94	56.94	63.1	63.1	59.82	59.82	63.54	63.54	37.5	37.5	2020-08-23	234	3: Juni - September
Germany	DEU			NAT_TOTAL	20200824	2.0	0.0	2.0	0.0	2.0	1.0	4.0	0.0	0.0		0.0		2.0	0.0	3.0	2.0	0.0	0.0	0.0	0.0	2.0	1.0	3.0	2.0	0.0	0.0	2.0	1.0		233575.0	9272.0	59.72	59.72	63.1	63.1	61.61	61.61	65.62	65.62	37.5	37.5	2020-08-24	235	3: Juni - September
Germany	DEU			NAT_TOTAL	20200825	2.0	0.0	2.0	0.0	2.0	1.0	4.0	0.0	0.0		0.0		2.0	0.0	3.0	2.0	0.0	0.0	0.0	0.0	2.0	1.0	3.0	2.0	0.0	0.0	2.0	1.0		234853.0	9277.0	59.72	59.72	63.1	63.1	61.61	61.61	65.62	65.62	37.5	37.5	2020-08-25	236	3: Juni - September
Germany	DEU			NAT_TOTAL	20200826	2.0	0.0	2.0	0.0	2.0	1.0	4.0	0.0	0.0		0.0		2.0	0.0	3.0	2.0	0.0	0.0	0.0	0.0	2.0	1.0	3.0	2.0	0.0	0.0	2.0	1.0		236429.0	9280.0	59.72	59.72	63.1	63.1	61.61	61.61	65.62	65.62	37.5	37.5	2020-08-26	237	3: Juni - September
Germany	DEU			NAT_TOTAL	20200827	2.0	0.0	2.0	0.0	2.0	1.0	4.0	0.0	0.0		0.0		2.0	0.0	3.0	2.0	0.0	0.0	0.0	0.0	2.0	1.0	3.0	2.0	0.0	0.0	2.0	1.0		237936.0	9285.0	59.72	59.72	63.1	63.1	61.61	61.61	65.62	65.62	37.5	37.5	2020-08-27	238	3: Juni - September
Germany	DEU			NAT_TOTAL	20200828	2.0	0.0	2.0	0.0	2.0	1.0	4.0	0.0	0.0		0.0		2.0	0.0	3.0	2.0	0.0	0.0	0.0	0.0	2.0	1.0	3.0	2.0	0.0	0.0	2.0	1.0		239507.0	9288.0	59.72	59.72	63.1	63.1	61.61	61.61	65.62	65.62	37.5	37.5	2020-08-28	239	3: Juni - September
Germany	DEU			NAT_TOTAL	20200829	2.0	0.0	2.0	0.0	2.0	1.0	4.0	0.0	0.0		0.0		2.0	0.0	3.0	2.0	0.0	0.0	0.0	0.0	2.0	1.0	3.0	2.0	0.0	0.0	2.0	1.0		240986.0	9289.0	59.72	59.72	63.1	63.1	61.61	61.61	65.62	65.62	37.5	37.5	2020-08-29	240	3: Juni - September
Germany	DEU			NAT_TOTAL	20200830	2.0	0.0	2.0	0.0	2.0	1.0	4.0	0.0	0.0		0.0		2.0	0.0	3.0	2.0	0.0	0.0	0.0	0.0	2.0	1.0	3.0	2.0	0.0	0.0	2.0	1.0		241771.0	9295.0	59.72	59.72	63.1	63.1	61.61	61.61	65.62	65.62	37.5	37.5	2020-08-30	241	3: Juni - September
Germany	DEU			NAT_TOTAL	20200831	2.0	0.0	2.0	0.0	2.0	1.0	4.0	0.0	0.0		0.0		2.0	0.0	3.0	2.0	0.0	0.0	0.0	0.0	2.0	1.0	3.0	2.0	0.0	0.0	2.0	1.0		242381.0	9298.0	59.72	59.72	63.1	63.1	61.61	61.61	65.62	65.62	37.5	37.5	2020-08-31	242	3: Juni - September
Germany	DEU			NAT_TOTAL	20200901	2.0	0.0	2.0	0.0	2.0	1.0	4.0	0.0	0.0		0.0		2.0	0.0	3.0	2.0	0.0	0.0	0.0	0.0	2.0	1.0	3.0	2.0	0.0	0.0	2.0	1.0		243599.0	9302.0	59.72	59.72	63.1	63.1	61.61	61.61	65.62	65.62	37.5	37.5	2020-09-01	243	3: Juni - September
Germany	DEU			NAT_TOTAL	20200902	2.0	0.0	2.0	0.0	2.0	1.0	4.0	0.0	0.0		0.0		2.0	0.0	3.0	2.0	0.0	0.0	0.0	0.0	2.0	1.0	3.0	2.0	0.0	0.0	2.0	1.0		244855.0	9313.0	59.72	59.72	63.1	63.1	61.61	61.61	65.62	65.62	37.5	37.5	2020-09-02	244	3: Juni - September
Germany	DEU			NAT_TOTAL	20200903	1.0	1.0	2.0	0.0	2.0	1.0	4.0	0.0	0.0		0.0		2.0	0.0	3.0	2.0	0.0	0.0	0.0	0.0	2.0	1.0	3.0	2.0	0.0	0.0	2.0	1.0		246166.0	9321.0	57.87	57.87	63.1	63.1	60.42	60.42	64.24	64.24	37.5	37.5	2020-09-03	245	3: Juni - September
Germany	DEU			NAT_TOTAL	20200904	1.0	1.0	2.0	0.0	2.0	1.0	4.0	0.0	0.0		0.0		0.0		3.0	2.0	0.0	0.0	0.0	0.0	2.0	1.0	3.0	2.0	0.0	0.0	2.0	1.0		247619.0	9322.0	49.54	49.54	53.57	53.57	55.06	55.06	57.99	57.99	37.5	37.5	2020-09-04	246	3: Juni - September
Germany	DEU			NAT_TOTAL	20200905	1.0	1.0	2.0	0.0	2.0	1.0	4.0	0.0	0.0		0.0		0.0		3.0	2.0	0.0	0.0	0.0	0.0	2.0	1.0	3.0	2.0	0.0	0.0	2.0	1.0		248997.0	9324.0	49.54	49.54	53.57	53.57	55.06	55.06	57.99	57.99	37.5	37.5	2020-09-05	247	3: Juni - September
Germany	DEU			NAT_TOTAL	20200906	1.0	1.0	2.0	0.0	2.0	1.0	4.0	0.0	0.0		0.0		0.0		3.0	2.0	0.0	0.0	0.0	0.0	2.0	1.0	3.0	2.0	0.0	0.0	2.0	1.0		249985.0	9325.0	49.54	49.54	53.57	53.57	55.06	55.06	57.99	57.99	37.5	37.5	2020-09-06	248	3: Juni - September
Germany	DEU			NAT_TOTAL	20200907	1.0	1.0	2.0	0.0	2.0	1.0	4.0	0.0	0.0		0.0		0.0		3.0	2.0	0.0	0.0	0.0	0.0	2.0	1.0	3.0	2.0	0.0	0.0	2.0	1.0		250799.0	9325.0	49.54	49.54	53.57	53.57	55.06	55.06	57.99	57.99	37.5	37.5	2020-09-07	249	3: Juni - September
Germany	DEU			NAT_TOTAL	20200908	1.0	1.0	2.0	0.0	2.0	1.0	4.0	0.0	0.0		0.0		0.0		3.0	2.0	0.0	0.0	0.0	0.0	2.0	1.0	3.0	2.0	0.0	0.0	2.0	1.0		252298.0	9329.0	49.54	49.54	53.57	53.57	55.06	55.06	57.99	57.99	37.5	37.5	2020-09-08	250	3: Juni - September
Germany	DEU			NAT_TOTAL	20200909	1.0	1.0	2.0	0.0	2.0	1.0	4.0	0.0	0.0		0.0		0.0		3.0	2.0	0.0	0.0	0.0	0.0	2.0	1.0	3.0	2.0	0.0	0.0	2.0	1.0		253474.0	9338.0	49.54	49.54	53.57	53.57	55.06	55.06	57.99	57.99	37.5	37.5	2020-09-09	251	3: Juni - September
Germany	DEU			NAT_TOTAL	20200910	1.0	1.0	2.0	0.0	2.0	1.0	4.0	0.0	0.0		0.0		0.0		3.0	2.0	0.0	0.0	0.0	0.0	2.0	1.0	3.0	2.0	0.0	0.0	2.0	1.0		255366.0	9341.0	49.54	49.54	53.57	53.57	55.06	55.06	57.99	57.99	37.5	37.5	2020-09-10	252	3: Juni - September
Germany	DEU			NAT_TOTAL	20200911	1.0	1.0	2.0	0.0	2.0	1.0	4.0	0.0	0.0		0.0		0.0		3.0	2.0	0.0	0.0	0.0	0.0	2.0	1.0	3.0	2.0	0.0	0.0	2.0	1.0		256850.0	9342.0	49.54	49.54	53.57	53.57	55.06	55.06	57.99	57.99	37.5	37.5	2020-09-11	253	3: Juni - September
Germany	DEU			NAT_TOTAL	20200912	1.0	1.0	2.0	0.0	2.0	1.0	4.0	0.0	0.0		0.0		0.0		3.0	2.0	0.0	0.0	0.0	0.0	2.0	1.0	3.0	2.0	0.0	0.0	2.0	1.0		258480.0	9347.0	49.54	49.54	53.57	53.57	55.06	55.06	57.99	57.99	37.5	37.5	2020-09-12	254	3: Juni - September
Germany	DEU			NAT_TOTAL	20200913	1.0	1.0	2.0	0.0	2.0	1.0	4.0	0.0	0.0		0.0		0.0		3.0	2.0	0.0	0.0	0.0	0.0	2.0	1.0	3.0	2.0	0.0	0.0	2.0	1.0		259428.0	9349.0	49.54	49.54	53.57	53.57	55.06	55.06	57.99	57.99	37.5	37.5	2020-09-13	255	3: Juni - September
Germany	DEU			NAT_TOTAL	20200914	1.0	1.0	2.0	0.0	2.0	1.0	4.0	0.0	0.0		0.0		0.0		3.0	2.0	0.0	0.0	0.0	0.0	2.0	1.0	3.0	2.0	0.0	0.0	2.0	1.0		260355.0	9350.0	49.54	49.54	53.57	53.57	55.06	55.06	57.99	57.99	37.5	37.5	2020-09-14	256	3: Juni - September
Germany	DEU			NAT_TOTAL	20200915	1.0	1.0	2.0	0.0	2.0	1.0	4.0	0.0	0.0		0.0		0.0		3.0	2.0	0.0	0.0	0.0	0.0	2.0	1.0	3.0	2.0	0.0	0.0	2.0	1.0		261762.0	9362.0	49.54	49.54	53.57	53.57	55.06	55.06	57.99	57.99	37.5	37.5	2020-09-15	257	3: Juni - September
Germany	DEU			NAT_TOTAL	20200916	1.0	1.0	2.0	0.0	2.0	1.0	4.0	0.0	0.0		0.0		0.0		3.0	2.0	0.0	0.0	0.0	0.0	2.0	1.0	3.0	2.0	0.0	0.0	2.0	1.0		263663.0	9368.0	49.54	49.54	53.57	53.57	55.06	55.06	57.99	57.99	37.5	37.5	2020-09-16	258	3: Juni - September
Germany	DEU			NAT_TOTAL	20200917	1.0	1.0	2.0	0.0	2.0	1.0	4.0	0.0	0.0		0.0		0.0		3.0	2.0	0.0	0.0	0.0	0.0	2.0	1.0	3.0	2.0	0.0	0.0	2.0	1.0		265857.0	9371.0	49.54	49.54	53.57	53.57	55.06	55.06	57.99	57.99	37.5	37.5	2020-09-17	259	3: Juni - September
Germany	DEU			NAT_TOTAL	20200918	1.0	1.0	2.0	0.0	2.0	1.0	4.0	0.0	0.0		0.0		0.0		3.0	2.0	0.0	0.0	0.0	0.0	2.0	1.0	3.0	2.0	0.0	0.0	2.0	1.0		267773.0	9378.0	49.54	49.54	53.57	53.57	55.06	55.06	57.99	57.99	37.5	37.5	2020-09-18	260	3: Juni - September
Germany	DEU			NAT_TOTAL	20200919	1.0	1.0	2.0	0.0	2.0	1.0	4.0	0.0	0.0		0.0		0.0		3.0	2.0	0.0	0.0	0.0	0.0	2.0	1.0	3.0	2.0	0.0	0.0	2.0	1.0		270070.0	9384.0	49.54	49.54	53.57	53.57	55.06	55.06	57.99	57.99	37.5	37.5	2020-09-19	261	3: Juni - September
Germany	DEU			NAT_TOTAL	20200920	1.0	1.0	2.0	0.0	2.0	1.0	4.0	0.0	0.0		0.0		0.0		3.0	2.0	0.0	0.0	0.0	0.0	2.0	1.0	3.0	2.0	0.0	0.0	2.0	1.0		271415.0	9386.0	49.54	49.54	53.57	53.57	55.06	55.06	57.99	57.99	37.5	37.5	2020-09-20	262	3: Juni - September
Germany	DEU			NAT_TOTAL	20200921	1.0	1.0	2.0	0.0	2.0	1.0	4.0	0.0	0.0		0.0		0.0		3.0	2.0	0.0	0.0	0.0	0.0	2.0	1.0	3.0	2.0	0.0	0.0	2.0	1.0		272337.0	9386.0	49.54	49.54	53.57	53.57	55.06	55.06	57.99	57.99	37.5	37.5	2020-09-21	263	3: Juni - September
Germany	DEU			NAT_TOTAL	20200922	1.0	1.0	2.0	0.0	2.0	1.0	4.0	0.0	0.0		0.0		0.0		3.0	2.0	0.0	0.0	0.0	0.0	2.0	1.0	3.0	2.0	0.0	0.0	2.0	1.0		274158.0	9396.0	49.54	49.54	53.57	53.57	55.06	55.06	57.99	57.99	37.5	37.5	2020-09-22	264	3: Juni - September
Germany	DEU			NAT_TOTAL	20200923	1.0	1.0	2.0	0.0	2.0	1.0	4.0	0.0	0.0		0.0		0.0		3.0	2.0	0.0	0.0	0.0	0.0	2.0	1.0	3.0	2.0	0.0	0.0	2.0	1.0		275927.0	9409.0	49.54	49.54	53.57	53.57	55.06	55.06	57.99	57.99	37.5	37.5	2020-09-23	265	3: Juni - September
Germany	DEU			NAT_TOTAL	20200924	1.0	1.0	2.0	0.0	2.0	1.0	4.0	0.0	0.0		0.0		0.0		3.0	2.0	0.0	0.0	0.0	0.0	2.0	1.0	3.0	2.0	0.0	0.0	2.0	1.0		278070.0	9428.0	49.54	49.54	53.57	53.57	55.06	55.06	57.99	57.99	37.5	37.5	2020-09-24	266	3: Juni - September
Germany	DEU			NAT_TOTAL	20200925	1.0	1.0	2.0	0.0	2.0	1.0	4.0	0.0	0.0		0.0		0.0		3.0	2.0	0.0	0.0	0.0	0.0	2.0	1.0	3.0	2.0	0.0	0.0	2.0	1.0		280223.0	9443.0	49.54	49.54	53.57	53.57	55.06	55.06	57.99	57.99	37.5	37.5	2020-09-25	267	3: Juni - September
Germany	DEU			NAT_TOTAL	20200926	1.0	1.0	2.0	0.0	2.0	1.0	4.0	0.0	0.0		0.0		0.0		3.0	2.0	0.0	0.0	0.0	0.0	2.0	1.0	3.0	2.0	0.0	0.0	2.0	1.0		282730.0	9452.0	49.54	49.54	53.57	53.57	55.06	55.06	57.99	57.99	37.5	37.5	2020-09-26	268	3: Juni - September
Germany	DEU			NAT_TOTAL	20200927	1.0	1.0	2.0	0.0	2.0	1.0	4.0	0.0	0.0		0.0		0.0		3.0	2.0	0.0	0.0	0.0	0.0	2.0	1.0	3.0	2.0	0.0	0.0	2.0	1.0		284140.0	9457.0	49.54	49.54	53.57	53.57	55.06	55.06	57.99	57.99	37.5	37.5	2020-09-27	269	3: Juni - September
Germany	DEU			NAT_TOTAL	20200928	1.0	1.0	2.0	0.0	2.0	1.0	4.0	0.0	0.0		0.0		0.0		3.0	2.0	0.0	0.0	0.0	0.0	2.0	1.0	3.0	2.0	0.0	0.0	2.0	1.0		285332.0	9460.0	49.54	49.54	53.57	53.57	55.06	55.06	57.99	57.99	37.5	37.5	2020-09-28	270	3: Juni - September
Germany	DEU			NAT_TOTAL	20200929	1.0	1.0	2.0	0.0	2.0	1.0	4.0	0.0	0.0		0.0		0.0		3.0	2.0	0.0	0.0	0.0	0.0	2.0	1.0	3.0	2.0	0.0	0.0	2.0	1.0		287421.0	9471.0	49.54	49.54	53.57	53.57	55.06	55.06	57.99	57.99	37.5	37.5	2020-09-29	271	3: Juni - September
Germany	DEU			NAT_TOTAL	20200930	1.0	1.0	2.0	0.0	2.0	1.0	4.0	0.0	0.0		0.0		0.0		3.0	2.0	0.0	0.0	0.0	0.0	2.0	1.0	3.0	2.0	0.0	0.0	2.0	1.0		289219.0	9488.0	49.54	49.54	53.57	53.57	55.06	55.06	57.99	57.99	37.5	37.5	2020-09-30	272	3: Juni - September
Germany	DEU			NAT_TOTAL	20201001	1.0	1.0	2.0	0.0	2.0	1.0	4.0	0.0	0.0		0.0		0.0		2.0	2.0	0.0	0.0	0.0	0.0	2.0	1.0	3.0	2.0	0.0	0.0	2.0	1.0		291722.0	9500.0	46.76	46.76	50.0	50.0	53.27	53.27	55.9	55.9	37.5	37.5	2020-10-01	273	4: Oktober - vor 3 Wochen
Germany	DEU			NAT_TOTAL	20201002	1.0	1.0	2.0	0.0	2.0	1.0	4.0	0.0	0.0		0.0		0.0		2.0	2.0	0.0	0.0	0.0	0.0	2.0	1.0	3.0	2.0	0.0	0.0	2.0	1.0		294395.0	9508.0	46.76	46.76	50.0	50.0	53.27	53.27	55.9	55.9	37.5	37.5	2020-10-02	274	4: Oktober - vor 3 Wochen
Germany	DEU			NAT_TOTAL	20201003	1.0	1.0	2.0	0.0	2.0	1.0	4.0	0.0	0.0		0.0		0.0		2.0	2.0	0.0	0.0	0.0	0.0	2.0	1.0	3.0	2.0	0.0	0.0	2.0	1.0		296958.0	9527.0	46.76	46.76	50.0	50.0	53.27	53.27	55.9	55.9	37.5	37.5	2020-10-03	275	4: Oktober - vor 3 Wochen
Germany	DEU			NAT_TOTAL	20201004	1.0	1.0	2.0	0.0	2.0	1.0	4.0	0.0	0.0		0.0		0.0		2.0	2.0	0.0	0.0	0.0	0.0	2.0	1.0	3.0	2.0	0.0	0.0	2.0	1.0		299237.0	9529.0	46.76	46.76	50.0	50.0	53.27	53.27	55.9	55.9	37.5	37.5	2020-10-04	276	4: Oktober - vor 3 Wochen
Germany	DEU			NAT_TOTAL	20201005	1.0	1.0	2.0	0.0	2.0	1.0	4.0	0.0	0.0		0.0		0.0		2.0	2.0	0.0	0.0	0.0	0.0	2.0	1.0	3.0	2.0	0.0	0.0	2.0	1.0		300619.0	9534.0	46.76	46.76	50.0	50.0	53.27	53.27	55.9	55.9	37.5	37.5	2020-10-05	277	4: Oktober - vor 3 Wochen
Germany	DEU			NAT_TOTAL	20201006	1.0	1.0	2.0	0.0	2.0	1.0	4.0	0.0	0.0		0.0		0.0		2.0	2.0	0.0	0.0	0.0	0.0	2.0	1.0	3.0	2.0	0.0	0.0	2.0	1.0		303258.0	9546.0	46.76	46.76	50.0	50.0	53.27	53.27	55.9	55.9	37.5	37.5	2020-10-06	278	4: Oktober - vor 3 Wochen
Germany	DEU			NAT_TOTAL	20201007	1.0	1.0	2.0	0.0	2.0	1.0	4.0	0.0	0.0		0.0		0.0		2.0	2.0	0.0	0.0	0.0	0.0	2.0	1.0	3.0	2.0	0.0	0.0	2.0	1.0		306086.0	9562.0	46.76	46.76	50.0	50.0	53.27	53.27	55.9	55.9	37.5	37.5	2020-10-07	279	4: Oktober - vor 3 Wochen
Germany	DEU			NAT_TOTAL	20201008	1.0	1.0	2.0	0.0	2.0	1.0	4.0	0.0	0.0		0.0		0.0		2.0	2.0	0.0	0.0	0.0	0.0	2.0	1.0	3.0	2.0	0.0	0.0	2.0	1.0		310144.0	9578.0	46.76	46.76	50.0	50.0	53.27	53.27	55.9	55.9	37.5	37.5	2020-10-08	280	4: Oktober - vor 3 Wochen
Germany	DEU			NAT_TOTAL	20201009	1.0	1.0	2.0	0.0	2.0	1.0	4.0	0.0	0.0		0.0		0.0		2.0	2.0	0.0	0.0	0.0	0.0	2.0	1.0	3.0	2.0	0.0	0.0	2.0	1.0		314660.0	9589.0	46.76	46.76	50.0	50.0	53.27	53.27	55.9	55.9	37.5	37.5	2020-10-09	281	4: Oktober - vor 3 Wochen
Germany	DEU			NAT_TOTAL	20201010	1.0	1.0	2.0	0.0	2.0	1.0	4.0	0.0	0.0		0.0		0.0		2.0	2.0	0.0	0.0	0.0	0.0	2.0	1.0	3.0	2.0	0.0	0.0	2.0	1.0		319381.0	9604.0	46.76	46.76	50.0	50.0	53.27	53.27	55.9	55.9	37.5	37.5	2020-10-10	282	4: Oktober - vor 3 Wochen
Germany	DEU			NAT_TOTAL	20201011	1.0	1.0	2.0	0.0	2.0	1.0	4.0	0.0	0.0		0.0		0.0		2.0	2.0	0.0	0.0	0.0	0.0	2.0	1.0	3.0	2.0	0.0	0.0	2.0	1.0		322864.0	9615.0	46.76	46.76	50.0	50.0	53.27	53.27	55.9	55.9	37.5	37.5	2020-10-11	283	4: Oktober - vor 3 Wochen
Germany	DEU			NAT_TOTAL	20201012	1.0	1.0	2.0	0.0	2.0	1.0	4.0	0.0	0.0		0.0		0.0		2.0	2.0	0.0	0.0	0.0	0.0	2.0	1.0	3.0	2.0	0.0	0.0	2.0	1.0		325331.0	9621.0	46.76	46.76	50.0	50.0	53.27	53.27	55.9	55.9	37.5	37.5	2020-10-12	284	4: Oktober - vor 3 Wochen
Germany	DEU			NAT_TOTAL	20201013	1.0	1.0	2.0	0.0	2.0	1.0	4.0	0.0	0.0		0.0		0.0		2.0	2.0	0.0	0.0	0.0	0.0	2.0	1.0	3.0	2.0	0.0	0.0	2.0	1.0		329453.0	9634.0	46.76	46.76	50.0	50.0	53.27	53.27	55.9	55.9	37.5	37.5	2020-10-13	285	4: Oktober - vor 3 Wochen
Germany	DEU			NAT_TOTAL	20201014	1.0	1.0	2.0	0.0	2.0	1.0	4.0	0.0	0.0		0.0		0.0		2.0	2.0	0.0	0.0	0.0	0.0	2.0	1.0	3.0	2.0	0.0	0.0	2.0	1.0		334585.0	9677.0	46.76	46.76	50.0	50.0	53.27	53.27	55.9	55.9	37.5	37.5	2020-10-14	286	4: Oktober - vor 3 Wochen
Germany	DEU			NAT_TOTAL	20201015	1.0	1.0	2.0	0.0	2.0	1.0	4.0	0.0	0.0		1.0	1.0	1.0	1.0	2.0	2.0	0.0	0.0	0.0	0.0	2.0	1.0	3.0	2.0	0.0	0.0	2.0	1.0		341223.0	9710.0	56.02	56.02	59.52	59.52	59.23	59.23	62.85	62.85	37.5	37.5	2020-10-15	287	4: Oktober - vor 3 Wochen
Germany	DEU			NAT_TOTAL	20201016	1.0	1.0	2.0	0.0	2.0	1.0	4.0	0.0	0.0		1.0	1.0	1.0	1.0	2.0	2.0	0.0	0.0	0.0	0.0	2.0	1.0	3.0	2.0	0.0	0.0	2.0	1.0		348557.0	9734.0	56.02	56.02	59.52	59.52	59.23	59.23	62.85	62.85	37.5	37.5	2020-10-16	288	4: Oktober - vor 3 Wochen
Germany	DEU			NAT_TOTAL	20201017	1.0	1.0	2.0	0.0	2.0	1.0	4.0	0.0	0.0		1.0	1.0	1.0	1.0	2.0	2.0	0.0	0.0	0.0	0.0	2.0	1.0	3.0	2.0	0.0	0.0	2.0	1.0		356387.0	9767.0	56.02	56.02	59.52	59.52	59.23	59.23	62.85	62.85	37.5	37.5	2020-10-17	289	4: Oktober - vor 3 Wochen
Germany	DEU			NAT_TOTAL	20201018	1.0	1.0	2.0	0.0	2.0	1.0	4.0	0.0	0.0		1.0	1.0	1.0	1.0	2.0	2.0	0.0	0.0	0.0	0.0	2.0	1.0	3.0	2.0	0.0	0.0	2.0	1.0		361974.0	9777.0	56.02	56.02	59.52	59.52	59.23	59.23	62.85	62.85	37.5	37.5	2020-10-18	290	4: Oktober - vor 3 Wochen
Germany	DEU			NAT_TOTAL	20201019	1.0	1.0	2.0	0.0	2.0	1.0	4.0	0.0	0.0		1.0	1.0	1.0	1.0	2.0	2.0	0.0	0.0	0.0	0.0	2.0	1.0	3.0	2.0	0.0	0.0	2.0	1.0		366299.0	9789.0	56.02	56.02	59.52	59.52	59.23	59.23	62.85	62.85	37.5	37.5	2020-10-19	291	4: Oktober - vor 3 Wochen
Germany	DEU			NAT_TOTAL	20201020	1.0	1.0	2.0	0.0	2.0	1.0	4.0	0.0	0.0		1.0	1.0	1.0	1.0	2.0	2.0	0.0	0.0	0.0	0.0	2.0	1.0	3.0	2.0	0.0	0.0	2.0	1.0		373167.0	9836.0	56.02	56.02	59.52	59.52	59.23	59.23	62.85	62.85	37.5	37.5	2020-10-20	292	4: Oktober - vor 3 Wochen
Germany	DEU			NAT_TOTAL	20201021	1.0	1.0	2.0	0.0	2.0	1.0	4.0	0.0	0.0		1.0	1.0	1.0	1.0	2.0	2.0	0.0	0.0	0.0	0.0	2.0	1.0	3.0	2.0	0.0	0.0	2.0	1.0		380762.0	9875.0	56.02	56.02	59.52	59.52	59.23	59.23	62.85	62.85	37.5	37.5	2020-10-21	293	4: Oktober - vor 3 Wochen
Germany	DEU			NAT_TOTAL	20201022	1.0	1.0	2.0	0.0	2.0	1.0	4.0	0.0	0.0		2.0	0.0	1.0	1.0	2.0	2.0	0.0	0.0	0.0	0.0	2.0	1.0	3.0	2.0	0.0	0.0	2.0	1.0		392049.0	9905.0	57.87	57.87	59.52	59.52	60.42	60.42	64.24	64.24	37.5	37.5	2020-10-22	294	4: Oktober - vor 3 Wochen
Germany	DEU			NAT_TOTAL	20201023	1.0	1.0	2.0	0.0	2.0	1.0	4.0	0.0	0.0		2.0	0.0	1.0	1.0	2.0	2.0	0.0	0.0	0.0	0.0	2.0	1.0	3.0	2.0	0.0	0.0	2.0	1.0		403291.0	9954.0	57.87	57.87	59.52	59.52	60.42	60.42	64.24	64.24	37.5	37.5	2020-10-23	295	4: Oktober - vor 3 Wochen
Germany	DEU			NAT_TOTAL	20201024	1.0	1.0	2.0	0.0	2.0	1.0	4.0	0.0	0.0		2.0	0.0	1.0	1.0	2.0	2.0	0.0	0.0	0.0	0.0	2.0	1.0	3.0	2.0	0.0	0.0	2.0	1.0		418005.0	10003.0	57.87	57.87	59.52	59.52	60.42	60.42	64.24	64.24	37.5	37.5	2020-10-24	296	4: Oktober - vor 3 Wochen
Germany	DEU			NAT_TOTAL	20201025	1.0	1.0	2.0	0.0	2.0	1.0	4.0	0.0	0.0		2.0	0.0	1.0	1.0	2.0	2.0	0.0	0.0	0.0	0.0	2.0	1.0	3.0	2.0	0.0	0.0	2.0	1.0		429181.0	10032.0	57.87	57.87	59.52	59.52	60.42	60.42	64.24	64.24	37.5	37.5	2020-10-25	297	4: Oktober - vor 3 Wochen
Germany	DEU			NAT_TOTAL	20201026	1.0	1.0	2.0	0.0	2.0	1.0	4.0	0.0	0.0		2.0	0.0	1.0	1.0	2.0	2.0	0.0	0.0	0.0	0.0	2.0	1.0	3.0	2.0	0.0	0.0	2.0	1.0		437866.0	10056.0	57.87	57.87	59.52	59.52	60.42	60.42	64.24	64.24	37.5	37.5	2020-10-26	298	4: Oktober - vor 3 Wochen
Germany	DEU			NAT_TOTAL	20201027	1.0	1.0	2.0	0.0	2.0	1.0	4.0	0.0	0.0		2.0	0.0	1.0	1.0	2.0	2.0	0.0	0.0	0.0	0.0	2.0	1.0	3.0	2.0	0.0	0.0	2.0	1.0		449275.0	10098.0	57.87	57.87	59.52	59.52	60.42	60.42	64.24	64.24	37.5	37.5	2020-10-27	299	4: Oktober - vor 3 Wochen
Germany	DEU			NAT_TOTAL	20201028	1.0	1.0	2.0	0.0	2.0	1.0	4.0	0.0	0.0		2.0	0.0	1.0	1.0	2.0	2.0	0.0	0.0	0.0	0.0	2.0	1.0	3.0	2.0	0.0	0.0	2.0	1.0		464239.0	10183.0	57.87	57.87	59.52	59.52	60.42	60.42	64.24	64.24	37.5	37.5	2020-10-28	300	4: Oktober - vor 3 Wochen
Germany	DEU			NAT_TOTAL	20201029	1.0	1.0	2.0	0.0	2.0	1.0	4.0	0.0	0.0		2.0	0.0	1.0	1.0	2.0	2.0	0.0	0.0	0.0	0.0	2.0	1.0	3.0	2.0	0.0	0.0	2.0	1.0		481013.0	10272.0	57.87	57.87	59.52	59.52	60.42	60.42	64.24	64.24	37.5	37.5	2020-10-29	301	4: Oktober - vor 3 Wochen
Germany	DEU			NAT_TOTAL	20201030	1.0	1.0	2.0	0.0	2.0	1.0	4.0	0.0	0.0		2.0	0.0	1.0	1.0	2.0	2.0	0.0	0.0	0.0	0.0	2.0	1.0	3.0	2.0	0.0	0.0	2.0	1.0		499694.0	10349.0	57.87	57.87	59.52	59.52	60.42	60.42	64.24	64.24	37.5	37.5	2020-10-30	302	4: Oktober - vor 3 Wochen
Germany	DEU			NAT_TOTAL	20201031	1.0	1.0	2.0	0.0	2.0	1.0	4.0	0.0	0.0		2.0	0.0	1.0	1.0	2.0	2.0	0.0	0.0	0.0	0.0	2.0	1.0	3.0	2.0	0.0	0.0	2.0	1.0		518753.0	10452.0	57.87	57.87	59.52	59.52	60.42	60.42	64.24	64.24	37.5	37.5	2020-10-31	303	4: Oktober - vor 3 Wochen
Germany	DEU			NAT_TOTAL	20201101	1.0	1.0	2.0	0.0	2.0	1.0	4.0	0.0	0.0		2.0	0.0	1.0	1.0	2.0	2.0	0.0	0.0	0.0	0.0	2.0	1.0	3.0	2.0	0.0	0.0	2.0	1.0		532930.0	10481.0	57.87	57.87	59.52	59.52	60.42	60.42	64.24	64.24	37.5	37.5	2020-11-01	304	4: Oktober - vor 3 Wochen
Germany	DEU			NAT_TOTAL	20201102	1.0	1.0	2.0	1.0	2.0	1.0	4.0	1.0	0.0		1.0	1.0	1.0	1.0	2.0	2.0	0.0	0.0	11791900000.0	0.0	2.0	1.0	3.0	2.0	0.0	0.0	2.0	1.0		545027.0	10530.0	59.26	59.26	63.1	63.1	61.31	61.31	65.28	65.28	37.5	37.5	2020-11-02	305	4: Oktober - vor 3 Wochen
Germany	DEU			NAT_TOTAL	20201103	1.0	1.0	2.0	1.0	2.0	1.0	4.0	1.0	0.0		1.0	1.0	1.0	1.0	2.0	2.0	0.0	0.0	0.0	0.0	2.0	1.0	3.0	2.0	0.0	0.0	2.0	1.0		560379.0	10661.0	59.26	59.26	63.1	63.1	61.31	61.31	65.28	65.28	37.5	37.5	2020-11-03	306	4: Oktober - vor 3 Wochen
Germany	DEU			NAT_TOTAL	20201104	1.0	1.0	2.0	1.0	2.0	1.0	4.0	1.0	0.0		1.0	1.0	1.0	1.0	2.0	2.0	0.0	0.0	0.0	0.0	2.0	1.0	3.0	2.0	0.0	0.0	2.0	1.0		577593.0	10812.0	59.26	59.26	63.1	63.1	61.31	61.31	65.28	65.28	37.5	37.5	2020-11-04	307	vor 3 Wochen - vor 1er Woche
Germany	DEU			NAT_TOTAL	20201105	1.0	1.0	2.0	1.0	2.0	1.0	4.0	1.0	0.0		1.0	1.0	1.0	1.0	2.0	2.0	0.0	0.0	0.0	0.0	2.0	1.0	3.0	2.0	0.0	0.0	2.0	1.0		597583.0	10930.0	59.26	59.26	63.1	63.1	61.31	61.31	65.28	65.28	37.5	37.5	2020-11-05	308	vor 3 Wochen - vor 1er Woche
Germany	DEU			NAT_TOTAL	20201106	1.0	1.0	2.0	1.0	2.0	1.0	4.0	1.0	0.0		1.0	1.0	1.0	1.0	2.0	2.0	0.0	0.0	0.0	0.0	2.0	1.0	3.0	2.0	0.0	0.0	2.0	1.0		619089.0	11096.0	59.26	59.26	63.1	63.1	61.31	61.31	65.28	65.28	37.5	37.5	2020-11-06	309	vor 3 Wochen - vor 1er Woche
Germany	DEU			NAT_TOTAL	20201107	1.0	1.0	2.0	1.0	2.0	1.0	4.0	1.0	0.0		1.0	1.0	1.0	1.0	2.0	2.0	0.0	0.0	0.0	0.0	2.0	1.0	3.0	2.0	0.0	0.0	2.0	1.0		642488.0	11226.0	59.26	59.26	63.1	63.1	61.31	61.31	65.28	65.28	37.5	37.5	2020-11-07	310	vor 3 Wochen - vor 1er Woche
Germany	DEU			NAT_TOTAL	20201108	1.0	1.0	2.0	1.0	2.0	1.0	4.0	1.0	0.0		1.0	1.0	1.0	1.0	2.0	2.0	0.0	0.0	0.0	0.0	2.0	1.0	3.0	2.0	0.0	0.0	2.0	1.0		658505.0	11289.0	59.26	59.26	63.1	63.1	61.31	61.31	65.28	65.28	37.5	37.5	2020-11-08	311	vor 3 Wochen - vor 1er Woche
Germany	DEU			NAT_TOTAL	20201109	1.0	1.0	2.0	1.0	2.0	1.0	4.0	1.0	0.0		1.0	1.0	1.0	1.0	2.0	2.0	0.0	0.0	0.0	0.0	2.0	1.0	3.0	2.0	0.0	0.0	2.0	1.0		671868.0	11352.0	59.26	59.26	63.1	63.1	61.31	61.31	65.28	65.28	37.5	37.5	2020-11-09	312	vor 3 Wochen - vor 1er Woche
Germany	DEU			NAT_TOTAL	20201110																														687200.0	11506.0											2020-11-10	313	vor 3 Wochen - vor 1er Woche
Germany	DEU			NAT_TOTAL	20201111																														705687.0	11767.0											2020-11-11	314	vor 3 Wochen - vor 1er Woche
Germany	DEU			NAT_TOTAL	20201112																														727553.0	11982.0											2020-11-12	315	vor 3 Wochen - vor 1er Woche
Germany	DEU			NAT_TOTAL	20201113																														751095.0	12200.0											2020-11-13	316	vor 3 Wochen - vor 1er Woche
Germany	DEU			NAT_TOTAL	20201114																														773556.0	12378.0											2020-11-14	317	vor 3 Wochen - vor 1er Woche
Germany	DEU			NAT_TOTAL	20201115																														790503.0	12485.0											2020-11-15	318	vor 3 Wochen - vor 1er Woche
Germany	DEU			NAT_TOTAL	20201116																														801327.0	12547.0											2020-11-16	319	vor 3 Wochen - vor 1er Woche
Germany	DEU			NAT_TOTAL	20201117																														815746.0	12814.0											2020-11-17	320	vor 3 Wochen - vor 1er Woche
Germany	DEU			NAT_TOTAL	20201118																														833307.0	13119.0											2020-11-18	321	5: letze Woche
Germany	DEU			NAT_TOTAL	20201119																														855916.0	13370.0		59.26		63.1		61.31		65.28		37.5	2020-11-19	322	5: letze Woche
Germany	DEU			NAT_TOTAL	20201120																														879564.0	13630.0		59.26		63.1		61.31		65.28		37.5	2020-11-20	323	5: letze Woche
Germany	DEU			NAT_TOTAL	20201121																														902528.0	13884.0		59.26		63.1		61.31		65.28		37.5	2020-11-21	324	5: letze Woche
Germany	DEU			NAT_TOTAL	20201122																														918269.0	14022.0		59.26		63.1		61.31		65.28		37.5	2020-11-22	325	5: letze Woche
Germany	DEU			NAT_TOTAL	20201123																														929133.0	14112.0		59.26		63.1		61.31		65.28		37.5	2020-11-23	326	5: letze Woche
Germany	DEU			NAT_TOTAL	20201124																														942687.0	14361.0		59.26		63.1		61.31		65.28		37.5	2020-11-24	327	5: letze Woche
